matEdi,matId,matPathVal,matTitulo,matLink
1801,6478,Categorias | ATOS DO PREFEITO | DECRETOS N,DECRETO Nº 35808,http://doweb.rio.rj.gov.br/do/navegadorhtml/mostrar.htm?id=6478&edi_id=1801
1801,6479,Categorias | ATOS DO PREFEITO | DECRETOS N,DECRETO Nº 35809,http://doweb.rio.rj.gov.br/do/navegadorhtml/mostrar.htm?id=6479&edi_id=1801
1801,6480,Categorias | ATOS DO PREFEITO | DECRETOS N,DECRETO Nº 35810,http://doweb.rio.rj.gov.br/do/navegadorhtml/mostrar.htm?id=6480&edi_id=1801
1801,6481,Categorias | ATOS DO PREFEITO | DECRETOS N,DECRETO Nº 35811,http://doweb.rio.rj.gov.br/do/navegadorhtml/mostrar.htm?id=6481&edi_id=1801
1801,6482,Categorias | ATOS DO PREFEITO | DECRETOS N,DECRETO Nº 35812,http://doweb.rio.rj.gov.br/do/navegadorhtml/mostrar.htm?id=6482&edi_id=1801
1801,6483,Categorias | ATOS DO PREFEITO | DECRETOS N,DECRETO Nº 35813,http://doweb.rio.rj.gov.br/do/navegadorhtml/mostrar.htm?id=6483&edi_id=1801
1801,6485,Categorias | ATOS DO PREFEITO | DECRETOS N,DECRETO Nº 35814,http://doweb.rio.rj.gov.br/do/navegadorhtml/mostrar.htm?id=6485&edi_id=1801
1801,6486,Categorias | ATOS DO PREFEITO | DECRETOS N,DECRETO Nº 35815,http://doweb.rio.rj.gov.br/do/navegadorhtml/mostrar.htm?id=6486&edi_id=1801
1801,6487,Categorias | ATOS DO PREFEITO | DECRETOS P,DECRETO P Nº 541,http://doweb.rio.rj.gov.br/do/navegadorhtml/mostrar.htm?id=6487&edi_id=1801
1801,6488,Categorias | ATOS DO PREFEITO | DECRETOS P,DECRETO P Nº 542,http://doweb.rio.rj.gov.br/do/navegadorhtml/mostrar.htm?id=6488&edi_id=1801
1801,6489,Categorias | ATOS DO PREFEITO | DECRETOS P,DECRETO P Nº 543,http://doweb.rio.rj.gov.br/do/navegadorhtml/mostrar.htm?id=6489&edi_id=1801
1801,6490,Categorias | ATOS DO PREFEITO | DECRETOS P,DECRETO P Nº 544,http://doweb.rio.rj.gov.br/do/navegadorhtml/mostrar.htm?id=6490&edi_id=1801
1801,6491,Categorias | ATOS DO PREFEITO | DECRETOS P,DECRETO P Nº 545,http://doweb.rio.rj.gov.br/do/navegadorhtml/mostrar.htm?id=6491&edi_id=1801
1801,6492,Categorias | ATOS DO PREFEITO | DECRETOS P,DECRETO P Nº 546,http://doweb.rio.rj.gov.br/do/navegadorhtml/mostrar.htm?id=6492&edi_id=1801
1801,6493,Categorias | ATOS DO PREFEITO | DECRETOS P,DECRETO P Nº 547,http://doweb.rio.rj.gov.br/do/navegadorhtml/mostrar.htm?id=6493&edi_id=1801
1801,6494,Categorias | ATOS DO PREFEITO | DECRETOS P,DECRETO P Nº 548,http://doweb.rio.rj.gov.br/do/navegadorhtml/mostrar.htm?id=6494&edi_id=1801
1801,6495,Categorias | ATOS DO PREFEITO | DECRETOS P,DECRETO P Nº 549,http://doweb.rio.rj.gov.br/do/navegadorhtml/mostrar.htm?id=6495&edi_id=1801
1801,6497,Categorias | DESPACHOS DO PREFEITO,DESPACHOS DO PREFEITO,http://doweb.rio.rj.gov.br/do/navegadorhtml/mostrar.htm?id=6497&edi_id=1801
1801,6426,Categorias | GABINETE DO PREFEITO | EMPRESA OLÍMPICA MUNICIPAL | DESPACHO,Despacho Serviços de Geração e Validação do FCONT,http://doweb.rio.rj.gov.br/do/navegadorhtml/mostrar.htm?id=6426&edi_id=1801
1801,6496,Categorias | SECRETARIA MUNICIPAL DA CASA CIVIL | RESOLUÇÕES | RESOLUÇÃO P,RESOLUÇÃO P Nº 541,http://doweb.rio.rj.gov.br/do/navegadorhtml/mostrar.htm?id=6496&edi_id=1801
1801,6422,Categorias | SECRETARIA MUNICIPAL DA CASA CIVIL | SUBSECRETARIAS | SUBSECRETARIA DE GESTÃO  | PORTARIAS | PORTARIA P,Portaria.nº75.27/06/2012,http://doweb.rio.rj.gov.br/do/navegadorhtml/mostrar.htm?id=6422&edi_id=1801
1801,6425,Categorias | SECRETARIA MUNICIPAL DA CASA CIVIL | SUBSECRETARIAS | SUBSECRETARIA DE GESTÃO  | DESPACHOS,Subg.CVL.27/06/2012,http://doweb.rio.rj.gov.br/do/navegadorhtml/mostrar.htm?id=6425&edi_id=1801
1801,6350,Categorias | SECRETARIA MUNICIPAL DA CASA CIVIL | EMPRESA MUNICIPAL DE ARTES GRÁFICAS | DESPACHOS,Publ. DO,http://doweb.rio.rj.gov.br/do/navegadorhtml/mostrar.htm?id=6350&edi_id=1801
1801,6420,Categorias | SECRETARIA MUNICIPAL DA CASA CIVIL | INSTITUTO DE PREVIDÊNCIA E ASSISTÊNCIA DO MUNICÍPIO DO RIO DE JANEIRO | OUTROS,DESPACHOS DO DIRETOR,http://doweb.rio.rj.gov.br/do/navegadorhtml/mostrar.htm?id=6420&edi_id=1801
1801,6413,Categorias | SECRETARIA MUNICIPAL DA CASA CIVIL | INSTITUTO DE PREVIDÊNCIA E ASSISTÊNCIA DO MUNICÍPIO DO RIO DE JANEIRO | OUTROS,DESPACHOS DO DIRETOR,http://doweb.rio.rj.gov.br/do/navegadorhtml/mostrar.htm?id=6413&edi_id=1801
1801,6344,Categorias | SECRETARIA MUNICIPAL DE ORDEM PÚBLICA | RESOLUÇÕES,RESOLUÇÃO - ATO DO SECRETÁRIO,http://doweb.rio.rj.gov.br/do/navegadorhtml/mostrar.htm?id=6344&edi_id=1801
1801,6381,Categorias | SECRETARIA MUNICIPAL DE ORDEM PÚBLICA | DESPACHOS,DESPACHOS DO SECRETÁRIO,http://doweb.rio.rj.gov.br/do/navegadorhtml/mostrar.htm?id=6381&edi_id=1801
1801,6300,Categorias | SECRETARIA MUNICIPAL DE ORDEM PÚBLICA | COORDENADORIAS | INSPETORIA REGIONAL DE LICENCIAMENTO E FISCALIZAÇÃO-IRLF | 2ª INSPETORIA REGIONAL DE LICENCIAMENTO E FISCALIZAÇÃO  | DESPACHOS,Despachos do Diretor,http://doweb.rio.rj.gov.br/do/navegadorhtml/mostrar.htm?id=6300&edi_id=1801
1801,6245,Categorias | SECRETARIA MUNICIPAL DE ORDEM PÚBLICA | COORDENADORIAS | INSPETORIA REGIONAL DE LICENCIAMENTO E FISCALIZAÇÃO-IRLF | 3ª INSPETORIA REGIONAL DE LICENCIAMENTO E FISCALIZAÇÃO  | DESPACHOS,19 06 2012,http://doweb.rio.rj.gov.br/do/navegadorhtml/mostrar.htm?id=6245&edi_id=1801
1801,6206,Categorias | SECRETARIA MUNICIPAL DE ORDEM PÚBLICA | COORDENADORIAS | INSPETORIA REGIONAL DE LICENCIAMENTO E FISCALIZAÇÃO-IRLF | 8ª INSPETORIA REGIONAL DE LICENCIAMENTO E FISCALIZAÇÃO  | DESPACHOS,Despachos do Diretor,http://doweb.rio.rj.gov.br/do/navegadorhtml/mostrar.htm?id=6206&edi_id=1801
1801,6151,Categorias | SECRETARIA MUNICIPAL DE ORDEM PÚBLICA | COORDENADORIAS | INSPETORIA REGIONAL DE LICENCIAMENTO E FISCALIZAÇÃO-IRLF | 14ª INSPETORIA REGIONAL DE LICENCIAMENTO E FISCALIZAÇÃO  | DESPACHOS,201246,http://doweb.rio.rj.gov.br/do/navegadorhtml/mostrar.htm?id=6151&edi_id=1801
1801,6158,Categorias | SECRETARIA MUNICIPAL DE ORDEM PÚBLICA | COORDENADORIAS | INSPETORIA REGIONAL DE LICENCIAMENTO E FISCALIZAÇÃO-IRLF | 15ª INSPETORIA REGIONAL DE LICENCIAMENTO E FISCALIZAÇÃO  | OUTROS,15ª IRLF,http://doweb.rio.rj.gov.br/do/navegadorhtml/mostrar.htm?id=6158&edi_id=1801
1801,6199,Categorias | SECRETARIA MUNICIPAL DE ORDEM PÚBLICA | COORDENADORIAS | INSPETORIA REGIONAL DE LICENCIAMENTO E FISCALIZAÇÃO-IRLF | 15ª INSPETORIA REGIONAL DE LICENCIAMENTO E FISCALIZAÇÃO  | OUTROS,PUBLIC 260612,http://doweb.rio.rj.gov.br/do/navegadorhtml/mostrar.htm?id=6199&edi_id=1801
1801,6180,Categorias | SECRETARIA MUNICIPAL DE ORDEM PÚBLICA | COORDENADORIAS | INSPETORIA REGIONAL DE LICENCIAMENTO E FISCALIZAÇÃO-IRLF | 19ª INSPETORIA REGIONAL DE LICENCIAMENTO E FISCALIZAÇÃO  | DESPACHOS,publicação de  03 03 12  E 08 03 12,http://doweb.rio.rj.gov.br/do/navegadorhtml/mostrar.htm?id=6180&edi_id=1801
1801,6176,Categorias | SECRETARIA MUNICIPAL DE ORDEM PÚBLICA | COORDENADORIAS | INSPETORIA REGIONAL DE LICENCIAMENTO E FISCALIZAÇÃO-IRLF | 19ª INSPETORIA REGIONAL DE LICENCIAMENTO E FISCALIZAÇÃO  | DESPACHOS,publicação de 12 04 12,http://doweb.rio.rj.gov.br/do/navegadorhtml/mostrar.htm?id=6176&edi_id=1801
1801,6178,Categorias | SECRETARIA MUNICIPAL DE ORDEM PÚBLICA | COORDENADORIAS | INSPETORIA REGIONAL DE LICENCIAMENTO E FISCALIZAÇÃO-IRLF | 19ª INSPETORIA REGIONAL DE LICENCIAMENTO E FISCALIZAÇÃO  | DESPACHOS,publicação de 20 04 12  e  26 04 12,http://doweb.rio.rj.gov.br/do/navegadorhtml/mostrar.htm?id=6178&edi_id=1801
1801,6173,Categorias | SECRETARIA MUNICIPAL DE ORDEM PÚBLICA | COORDENADORIAS | INSPETORIA REGIONAL DE LICENCIAMENTO E FISCALIZAÇÃO-IRLF | 19ª INSPETORIA REGIONAL DE LICENCIAMENTO E FISCALIZAÇÃO  | DESPACHOS,publicação de 08 05 12,http://doweb.rio.rj.gov.br/do/navegadorhtml/mostrar.htm?id=6173&edi_id=1801
1801,6174,Categorias | SECRETARIA MUNICIPAL DE ORDEM PÚBLICA | COORDENADORIAS | INSPETORIA REGIONAL DE LICENCIAMENTO E FISCALIZAÇÃO-IRLF | 19ª INSPETORIA REGIONAL DE LICENCIAMENTO E FISCALIZAÇÃO  | DESPACHOS,publicação de 09 05 12,http://doweb.rio.rj.gov.br/do/navegadorhtml/mostrar.htm?id=6174&edi_id=1801
1801,6177,Categorias | SECRETARIA MUNICIPAL DE ORDEM PÚBLICA | COORDENADORIAS | INSPETORIA REGIONAL DE LICENCIAMENTO E FISCALIZAÇÃO-IRLF | 19ª INSPETORIA REGIONAL DE LICENCIAMENTO E FISCALIZAÇÃO  | DESPACHOS,publicação de 15 05 12,http://doweb.rio.rj.gov.br/do/navegadorhtml/mostrar.htm?id=6177&edi_id=1801
1801,6179,Categorias | SECRETARIA MUNICIPAL DE ORDEM PÚBLICA | COORDENADORIAS | INSPETORIA REGIONAL DE LICENCIAMENTO E FISCALIZAÇÃO-IRLF | 19ª INSPETORIA REGIONAL DE LICENCIAMENTO E FISCALIZAÇÃO  | DESPACHOS,publicação de 21 05 12,http://doweb.rio.rj.gov.br/do/navegadorhtml/mostrar.htm?id=6179&edi_id=1801
1801,6181,Categorias | SECRETARIA MUNICIPAL DE ORDEM PÚBLICA | COORDENADORIAS | INSPETORIA REGIONAL DE LICENCIAMENTO E FISCALIZAÇÃO-IRLF | 19ª INSPETORIA REGIONAL DE LICENCIAMENTO E FISCALIZAÇÃO  | DESPACHOS,publicação de  23 05 12     25  05  12,http://doweb.rio.rj.gov.br/do/navegadorhtml/mostrar.htm?id=6181&edi_id=1801
1801,6172,Categorias | SECRETARIA MUNICIPAL DE ORDEM PÚBLICA | COORDENADORIAS | INSPETORIA REGIONAL DE LICENCIAMENTO E FISCALIZAÇÃO-IRLF | 19ª INSPETORIA REGIONAL DE LICENCIAMENTO E FISCALIZAÇÃO  | DESPACHOS,publicação de 01  06  12,http://doweb.rio.rj.gov.br/do/navegadorhtml/mostrar.htm?id=6172&edi_id=1801
1801,6182,Categorias | SECRETARIA MUNICIPAL DE ORDEM PÚBLICA | COORDENADORIAS | INSPETORIA REGIONAL DE LICENCIAMENTO E FISCALIZAÇÃO-IRLF | 19ª INSPETORIA REGIONAL DE LICENCIAMENTO E FISCALIZAÇÃO  | DESPACHOS,publicação de   18  06  12,http://doweb.rio.rj.gov.br/do/navegadorhtml/mostrar.htm?id=6182&edi_id=1801
1801,6136,Categorias | SECRETARIA MUNICIPAL DE ORDEM PÚBLICA | GUARDA MUNICIPAL DO RIO DE JANEIRO | OUTROS,SUBSTITUICAO MEMBRO PORTARIA Nº 035,http://doweb.rio.rj.gov.br/do/navegadorhtml/mostrar.htm?id=6136&edi_id=1801
1801,6137,Categorias | SECRETARIA MUNICIPAL DE ORDEM PÚBLICA | GUARDA MUNICIPAL DO RIO DE JANEIRO | OUTROS,SUBSTITUICAO MEMBRO PORTARIA Nº 036,http://doweb.rio.rj.gov.br/do/navegadorhtml/mostrar.htm?id=6137&edi_id=1801
1801,6138,Categorias | SECRETARIA MUNICIPAL DE ORDEM PÚBLICA | GUARDA MUNICIPAL DO RIO DE JANEIRO | OUTROS,SUBSTITUICAO MEMBRO PORTARIA Nº 041,http://doweb.rio.rj.gov.br/do/navegadorhtml/mostrar.htm?id=6138&edi_id=1801
1801,6139,Categorias | SECRETARIA MUNICIPAL DE ORDEM PÚBLICA | GUARDA MUNICIPAL DO RIO DE JANEIRO | OUTROS,SUBSTITUICAO MEMBRO PORTARIA Nº 042,http://doweb.rio.rj.gov.br/do/navegadorhtml/mostrar.htm?id=6139&edi_id=1801
1801,6200,Categorias | SECRETARIA MUNICIPAL DE ORDEM PÚBLICA | GUARDA MUNICIPAL DO RIO DE JANEIRO | OUTROS,PORTARIA ,http://doweb.rio.rj.gov.br/do/navegadorhtml/mostrar.htm?id=6200&edi_id=1801
1801,6215,Categorias | SECRETARIA MUNICIPAL DE FAZENDA | DESPACHOS,Desapchos da Secretaria,http://doweb.rio.rj.gov.br/do/navegadorhtml/mostrar.htm?id=6215&edi_id=1801
1801,6256,Categorias | SECRETARIA MUNICIPAL DE FAZENDA | SUBSECRETARIAS | SUBSECRETARIA DE GESTÃO | OUTROS,DESPACHO 26_06,http://doweb.rio.rj.gov.br/do/navegadorhtml/mostrar.htm?id=6256&edi_id=1801
1801,6334,Categorias | SECRETARIA MUNICIPAL DE OBRAS | DESPACHOS,DESPACHOS DO SECRETARIO,http://doweb.rio.rj.gov.br/do/navegadorhtml/mostrar.htm?id=6334&edi_id=1801
1801,6437,Categorias | SECRETARIA MUNICIPAL DE OBRAS | DESPACHOS,dia,http://doweb.rio.rj.gov.br/do/navegadorhtml/mostrar.htm?id=6437&edi_id=1801
1801,6332,Categorias | SECRETARIA MUNICIPAL DE OBRAS | SUBSECRETARIAS | SUBSECRETARIA DE GESTÃO | DESPACHOS,DESPACHOS DA SUBGESTAO,http://doweb.rio.rj.gov.br/do/navegadorhtml/mostrar.htm?id=6332&edi_id=1801
1801,6225,Categorias | SECRETARIA MUNICIPAL DE OBRAS | SUBSECRETARIAS | SUBSECRETARIA DE OBRAS E PROJETOS VIÁRIOS | PORTARIAS | PORTARIA P,public041ato,http://doweb.rio.rj.gov.br/do/navegadorhtml/mostrar.htm?id=6225&edi_id=1801
1801,6226,Categorias | SECRETARIA MUNICIPAL DE OBRAS | SUBSECRETARIAS | SUBSECRETARIA DE OBRAS E PROJETOS VIÁRIOS | PORTARIAS | PORTARIA P,public042ato,http://doweb.rio.rj.gov.br/do/navegadorhtml/mostrar.htm?id=6226&edi_id=1801
1801,6263,Categorias | SECRETARIA MUNICIPAL DE OBRAS | FUNDAÇÃO INSTITUTO DAS ÁGUAS DO MUNICÍPIO DO RIO DE JANEIRO | DESPACHOS,DESPACHOS DO PRESIDENTE DE 27,http://doweb.rio.rj.gov.br/do/navegadorhtml/mostrar.htm?id=6263&edi_id=1801
1801,6267,Categorias | SECRETARIA MUNICIPAL DE OBRAS | FUNDAÇÃO INSTITUTO DAS ÁGUAS DO MUNICÍPIO DO RIO DE JANEIRO | OUTROS,DESPACHO DO DIRETOR DE 27,http://doweb.rio.rj.gov.br/do/navegadorhtml/mostrar.htm?id=6267&edi_id=1801
1801,6379,Categorias | SECRETARIA MUNICIPAL DE OBRAS | EMPRESA MUNICIPAL DE URBANIZAÇÃO | PORTARIAS | PORTARIA P,port263/12,http://doweb.rio.rj.gov.br/do/navegadorhtml/mostrar.htm?id=6379&edi_id=1801
1801,6409,Categorias | SECRETARIA MUNICIPAL DE OBRAS | EMPRESA MUNICIPAL DE URBANIZAÇÃO | PORTARIAS | PORTARIA P,PORT 267 P,http://doweb.rio.rj.gov.br/do/navegadorhtml/mostrar.htm?id=6409&edi_id=1801
1801,6387,Categorias | SECRETARIA MUNICIPAL DE OBRAS | EMPRESA MUNICIPAL DE URBANIZAÇÃO | PORTARIAS | PORTARIA P,port268p,http://doweb.rio.rj.gov.br/do/navegadorhtml/mostrar.htm?id=6387&edi_id=1801
1801,6399,Categorias | SECRETARIA MUNICIPAL DE OBRAS | EMPRESA MUNICIPAL DE URBANIZAÇÃO | PORTARIAS | PORTARIA P,port269p,http://doweb.rio.rj.gov.br/do/navegadorhtml/mostrar.htm?id=6399&edi_id=1801
1801,6383,Categorias | SECRETARIA MUNICIPAL DE OBRAS | EMPRESA MUNICIPAL DE URBANIZAÇÃO | PORTARIAS | PORTARIA P,PORT 270 P,http://doweb.rio.rj.gov.br/do/navegadorhtml/mostrar.htm?id=6383&edi_id=1801
1801,6384,Categorias | SECRETARIA MUNICIPAL DE OBRAS | EMPRESA MUNICIPAL DE URBANIZAÇÃO | PORTARIAS | PORTARIA P,port271/2012,http://doweb.rio.rj.gov.br/do/navegadorhtml/mostrar.htm?id=6384&edi_id=1801
1801,6378,Categorias | SECRETARIA MUNICIPAL DE OBRAS | EMPRESA MUNICIPAL DE URBANIZAÇÃO | PORTARIAS | PORTARIA P,PORT 272P,http://doweb.rio.rj.gov.br/do/navegadorhtml/mostrar.htm?id=6378&edi_id=1801
1801,6278,Categorias | SECRETARIA MUNICIPAL DE OBRAS | EMPRESA MUNICIPAL DE URBANIZAÇÃO | PORTARIAS | PORTARIA P,port273p,http://doweb.rio.rj.gov.br/do/navegadorhtml/mostrar.htm?id=6278&edi_id=1801
1801,6271,Categorias | SECRETARIA MUNICIPAL DE OBRAS | EMPRESA MUNICIPAL DE URBANIZAÇÃO | PORTARIAS | PORTARIA P,07/004.769/2010,http://doweb.rio.rj.gov.br/do/navegadorhtml/mostrar.htm?id=6271&edi_id=1801
1801,6258,Categorias | SECRETARIA MUNICIPAL DE OBRAS | EMPRESA MUNICIPAL DE URBANIZAÇÃO | DESPACHOS,07/002.295/2010 aceite provisório,http://doweb.rio.rj.gov.br/do/navegadorhtml/mostrar.htm?id=6258&edi_id=1801
1801,6283,Categorias | SECRETARIA MUNICIPAL DE OBRAS | EMPRESA MUNICIPAL DE URBANIZAÇÃO | DESPACHOS,06/500.482/2011,http://doweb.rio.rj.gov.br/do/navegadorhtml/mostrar.htm?id=6283&edi_id=1801
1801,6294,Categorias | SECRETARIA MUNICIPAL DE OBRAS | EMPRESA MUNICIPAL DE URBANIZAÇÃO | DESPACHOS,06/501.388/2012,http://doweb.rio.rj.gov.br/do/navegadorhtml/mostrar.htm?id=6294&edi_id=1801
1801,6354,Categorias | SECRETARIA MUNICIPAL DE OBRAS | EMPRESA MUNICIPAL DE URBANIZAÇÃO | DESPACHOS,07/208.473/2003,http://doweb.rio.rj.gov.br/do/navegadorhtml/mostrar.htm?id=6354&edi_id=1801
1801,6357,Categorias | SECRETARIA MUNICIPAL DE OBRAS | EMPRESA MUNICIPAL DE URBANIZAÇÃO | DESPACHOS,06/501.786/2011,http://doweb.rio.rj.gov.br/do/navegadorhtml/mostrar.htm?id=6357&edi_id=1801
1801,6358,Categorias | SECRETARIA MUNICIPAL DE OBRAS | EMPRESA MUNICIPAL DE URBANIZAÇÃO | DESPACHOS,07/07/001345/2010,http://doweb.rio.rj.gov.br/do/navegadorhtml/mostrar.htm?id=6358&edi_id=1801
1801,6360,Categorias | SECRETARIA MUNICIPAL DE OBRAS | EMPRESA MUNICIPAL DE URBANIZAÇÃO | DESPACHOS,07/002.204/2011,http://doweb.rio.rj.gov.br/do/navegadorhtml/mostrar.htm?id=6360&edi_id=1801
1801,6362,Categorias | SECRETARIA MUNICIPAL DE OBRAS | EMPRESA MUNICIPAL DE URBANIZAÇÃO | DESPACHOS,06/501.415/2012,http://doweb.rio.rj.gov.br/do/navegadorhtml/mostrar.htm?id=6362&edi_id=1801
1801,6363,Categorias | SECRETARIA MUNICIPAL DE OBRAS | EMPRESA MUNICIPAL DE URBANIZAÇÃO | DESPACHOS,09/005.068/2010,http://doweb.rio.rj.gov.br/do/navegadorhtml/mostrar.htm?id=6363&edi_id=1801
1801,6366,Categorias | SECRETARIA MUNICIPAL DE OBRAS | EMPRESA MUNICIPAL DE URBANIZAÇÃO | DESPACHOS,09/004.107/2010,http://doweb.rio.rj.gov.br/do/navegadorhtml/mostrar.htm?id=6366&edi_id=1801
1801,6369,Categorias | SECRETARIA MUNICIPAL DE OBRAS | EMPRESA MUNICIPAL DE URBANIZAÇÃO | DESPACHOS,06/502.680/2011,http://doweb.rio.rj.gov.br/do/navegadorhtml/mostrar.htm?id=6369&edi_id=1801
1801,6373,Categorias | SECRETARIA MUNICIPAL DE OBRAS | EMPRESA MUNICIPAL DE URBANIZAÇÃO | DESPACHOS,07/207.507/2008,http://doweb.rio.rj.gov.br/do/navegadorhtml/mostrar.htm?id=6373&edi_id=1801
1801,6382,Categorias | SECRETARIA MUNICIPAL DE OBRAS | EMPRESA MUNICIPAL DE URBANIZAÇÃO | DESPACHOS,06/501.106 /2012,http://doweb.rio.rj.gov.br/do/navegadorhtml/mostrar.htm?id=6382&edi_id=1801
1801,6385,Categorias | SECRETARIA MUNICIPAL DE OBRAS | EMPRESA MUNICIPAL DE URBANIZAÇÃO | DESPACHOS,07/005.032/2010,http://doweb.rio.rj.gov.br/do/navegadorhtml/mostrar.htm?id=6385&edi_id=1801
1801,6388,Categorias | SECRETARIA MUNICIPAL DE OBRAS | EMPRESA MUNICIPAL DE URBANIZAÇÃO | DESPACHOS,06/502.110/2011,http://doweb.rio.rj.gov.br/do/navegadorhtml/mostrar.htm?id=6388&edi_id=1801
1801,6389,Categorias | SECRETARIA MUNICIPAL DE OBRAS | EMPRESA MUNICIPAL DE URBANIZAÇÃO | DESPACHOS,07/001.548/2011,http://doweb.rio.rj.gov.br/do/navegadorhtml/mostrar.htm?id=6389&edi_id=1801
1801,6392,Categorias | SECRETARIA MUNICIPAL DE OBRAS | EMPRESA MUNICIPAL DE URBANIZAÇÃO | DESPACHOS,06/501.449/2010,http://doweb.rio.rj.gov.br/do/navegadorhtml/mostrar.htm?id=6392&edi_id=1801
1801,6394,Categorias | SECRETARIA MUNICIPAL DE OBRAS | EMPRESA MUNICIPAL DE URBANIZAÇÃO | DESPACHOS,07/001.541/2011,http://doweb.rio.rj.gov.br/do/navegadorhtml/mostrar.htm?id=6394&edi_id=1801
1801,6396,Categorias | SECRETARIA MUNICIPAL DE OBRAS | EMPRESA MUNICIPAL DE URBANIZAÇÃO | DESPACHOS,06/500.377/2011,http://doweb.rio.rj.gov.br/do/navegadorhtml/mostrar.htm?id=6396&edi_id=1801
1801,6398,Categorias | SECRETARIA MUNICIPAL DE OBRAS | EMPRESA MUNICIPAL DE URBANIZAÇÃO | DESPACHOS,06/501.347/2010,http://doweb.rio.rj.gov.br/do/navegadorhtml/mostrar.htm?id=6398&edi_id=1801
1801,6401,Categorias | SECRETARIA MUNICIPAL DE OBRAS | EMPRESA MUNICIPAL DE URBANIZAÇÃO | DESPACHOS,07/002.224/2012,http://doweb.rio.rj.gov.br/do/navegadorhtml/mostrar.htm?id=6401&edi_id=1801
1801,6404,Categorias | SECRETARIA MUNICIPAL DE OBRAS | EMPRESA MUNICIPAL DE URBANIZAÇÃO | DESPACHOS,07/206.982/2005,http://doweb.rio.rj.gov.br/do/navegadorhtml/mostrar.htm?id=6404&edi_id=1801
1801,6416,Categorias | SECRETARIA MUNICIPAL DE OBRAS | FUNDAÇÃO INSTITUTO DE GEOTÉCNICA DO MUNICÍPIO DO RIO DE JANEIRO | DESPACHOS,DAF DESP2706,http://doweb.rio.rj.gov.br/do/navegadorhtml/mostrar.htm?id=6416&edi_id=1801
1801,6418,Categorias | SECRETARIA MUNICIPAL DE OBRAS | FUNDAÇÃO INSTITUTO DE GEOTÉCNICA DO MUNICÍPIO DO RIO DE JANEIRO | OUTROS,DAF OUTROS2706,http://doweb.rio.rj.gov.br/do/navegadorhtml/mostrar.htm?id=6418&edi_id=1801
1801,6352,Categorias | SECRETARIA MUNICIPAL DE CONSERVAÇÃO E SERVIÇOS PÚBLICOS | RESOLUÇÕES | RESOLUÇÃO P,RESOLUÇÃO 125 ,http://doweb.rio.rj.gov.br/do/navegadorhtml/mostrar.htm?id=6352&edi_id=1801
1801,6346,Categorias | SECRETARIA MUNICIPAL DE CONSERVAÇÃO E SERVIÇOS PÚBLICOS | DESPACHOS,DESPACHO,http://doweb.rio.rj.gov.br/do/navegadorhtml/mostrar.htm?id=6346&edi_id=1801
1801,6221,Categorias | SECRETARIA MUNICIPAL DE CONSERVAÇÃO E SERVIÇOS PÚBLICOS | COMISSÃO COORDENADORA DE OBRAS E REPAROS EM VIAS PÚBLICAS | DESPACHOS,lauda despacho de 26-06,http://doweb.rio.rj.gov.br/do/navegadorhtml/mostrar.htm?id=6221&edi_id=1801
1801,6460,Categorias | SECRETARIA MUNICIPAL DE CONSERVAÇÃO E SERVIÇOS PÚBLICOS | COMPANHIA MUNICIPAL DE LIMPEZA URBANA | DESPACHOS,PUB 417 06 2012,http://doweb.rio.rj.gov.br/do/navegadorhtml/mostrar.htm?id=6460&edi_id=1801
1801,6463,Categorias | SECRETARIA MUNICIPAL DE CONSERVAÇÃO E SERVIÇOS PÚBLICOS | COMPANHIA MUNICIPAL DE LIMPEZA URBANA | DESPACHOS,PUB 416 06 2012,http://doweb.rio.rj.gov.br/do/navegadorhtml/mostrar.htm?id=6463&edi_id=1801
1801,6448,Categorias | SECRETARIA MUNICIPAL DE CONSERVAÇÃO E SERVIÇOS PÚBLICOS | COMPANHIA MUNICIPAL DE LIMPEZA URBANA | OUTROS,PUB 414 06 2012,http://doweb.rio.rj.gov.br/do/navegadorhtml/mostrar.htm?id=6448&edi_id=1801
1801,6462,Categorias | SECRETARIA MUNICIPAL DE CONSERVAÇÃO E SERVIÇOS PÚBLICOS | COMPANHIA MUNICIPAL DE ENERGIA E ILUMINAÇÃO | PORTARIAS | PORTARIA P,portaria,http://doweb.rio.rj.gov.br/do/navegadorhtml/mostrar.htm?id=6462&edi_id=1801
1801,6395,Categorias | SECRETARIA MUNICIPAL DE CONSERVAÇÃO E SERVIÇOS PÚBLICOS | COMPANHIA MUNICIPAL DE ENERGIA E ILUMINAÇÃO | DESPACHOS,despacho,http://doweb.rio.rj.gov.br/do/navegadorhtml/mostrar.htm?id=6395&edi_id=1801
1801,6410,Categorias | SECRETARIA MUNICIPAL DE CONSERVAÇÃO E SERVIÇOS PÚBLICOS | COMPANHIA MUNICIPAL DE ENERGIA E ILUMINAÇÃO | DESPACHOS,Despacho,http://doweb.rio.rj.gov.br/do/navegadorhtml/mostrar.htm?id=6410&edi_id=1801
1801,6266,Categorias | SECRETARIA MUNICIPAL DE EDUCAÇÃO | RESOLUÇÕES | RESOLUÇÃO P,Resolucao_FG/CC,http://doweb.rio.rj.gov.br/do/navegadorhtml/mostrar.htm?id=6266&edi_id=1801
1801,6424,Categorias | SECRETARIA MUNICIPAL DE EDUCAÇÃO | DESPACHOS,LAUDA Seguro Incêndio 2012,http://doweb.rio.rj.gov.br/do/navegadorhtml/mostrar.htm?id=6424&edi_id=1801
1801,6242,Categorias | SECRETARIA MUNICIPAL DE EDUCAÇÃO | SUBSECRETARIAS | SUBSECRETARIA DE GESTÃO | COORDENADORIAS | COORDENADORIA DE ADMINISTRAÇÃO  | DESPACHOS ,Aprovo SDP CIN,http://doweb.rio.rj.gov.br/do/navegadorhtml/mostrar.htm?id=6242&edi_id=1801
1801,6197,Categorias | SECRETARIA MUNICIPAL DE EDUCAÇÃO | SUBSECRETARIAS | SUBSECRETARIA DE GESTÃO | COORDENADORIAS | COORDENADORIA DE RECURSOS HUMANOS  | PORTARIAS  | PORTARIA P,APOSENTADORIA 27 DE JUNHO DE 2012,http://doweb.rio.rj.gov.br/do/navegadorhtml/mostrar.htm?id=6197&edi_id=1801
1801,6188,Categorias | SECRETARIA MUNICIPAL DE EDUCAÇÃO | SUBSECRETARIAS | SUBSECRETARIA DE GESTÃO | COORDENADORIAS | COORDENADORIA DE RECURSOS HUMANOS  | DESPACHOS,EXP27062012GRATIFSUBST,http://doweb.rio.rj.gov.br/do/navegadorhtml/mostrar.htm?id=6188&edi_id=1801
1801,6247,Categorias | SECRETARIA MUNICIPAL DE EDUCAÇÃO | SUBSECRETARIAS | SUBSECRETARIA DE GESTÃO | COORDENADORIAS | COORDENADORIA DE RECURSOS HUMANOS  |  OUTROS,FIXAÇÃO PROVENTOS 27062012,http://doweb.rio.rj.gov.br/do/navegadorhtml/mostrar.htm?id=6247&edi_id=1801
1801,6275,Categorias | SECRETARIA MUNICIPAL DE EDUCAÇÃO | SUBSECRETARIAS | SUBSECRETARIA DE ENSINO | COORDENADORIA DE RECURSOS HUMANOS | DESPACHOS,DESPACHOSUBSECRET2706,http://doweb.rio.rj.gov.br/do/navegadorhtml/mostrar.htm?id=6275&edi_id=1801
1801,6407,Categorias | SECRETARIA MUNICIPAL DE EDUCAÇÃO | SUBSECRETARIAS | SUBSECRETARIA DE ENSINO | 2ª COORDENADORIA REGIONAL DE EDUCAÇÃO | DESPACHOS,Despacho Rafabela,http://doweb.rio.rj.gov.br/do/navegadorhtml/mostrar.htm?id=6407&edi_id=1801
1801,6411,Categorias | SECRETARIA MUNICIPAL DE EDUCAÇÃO | SUBSECRETARIAS | SUBSECRETARIA DE ENSINO | 2ª COORDENADORIA REGIONAL DE EDUCAÇÃO | DESPACHOS,Despacho VPAR,http://doweb.rio.rj.gov.br/do/navegadorhtml/mostrar.htm?id=6411&edi_id=1801
1801,6419,Categorias | SECRETARIA MUNICIPAL DE EDUCAÇÃO | SUBSECRETARIAS | SUBSECRETARIA DE ENSINO | 2ª COORDENADORIA REGIONAL DE EDUCAÇÃO | DESPACHOS,Despacho SDP GIN,http://doweb.rio.rj.gov.br/do/navegadorhtml/mostrar.htm?id=6419&edi_id=1801
1801,6414,Categorias | SECRETARIA MUNICIPAL DE EDUCAÇÃO | SUBSECRETARIAS | SUBSECRETARIA DE ENSINO | 2ª COORDENADORIA REGIONAL DE EDUCAÇÃO | DESPACHOS,Despacho verba SDP,http://doweb.rio.rj.gov.br/do/navegadorhtml/mostrar.htm?id=6414&edi_id=1801
1801,6149,Categorias | SECRETARIA MUNICIPAL DE EDUCAÇÃO | SUBSECRETARIAS | SUBSECRETARIA DE ENSINO | 3ª COORDENADORIA REGIONAL DE EDUCAÇÃO | DESPACHOS,Aprovo,http://doweb.rio.rj.gov.br/do/navegadorhtml/mostrar.htm?id=6149&edi_id=1801
1801,6222,Categorias | SECRETARIA MUNICIPAL DE EDUCAÇÃO | SUBSECRETARIAS | SUBSECRETARIA DE ENSINO | 3ª COORDENADORIA REGIONAL DE EDUCAÇÃO | DESPACHOS,SDP,http://doweb.rio.rj.gov.br/do/navegadorhtml/mostrar.htm?id=6222&edi_id=1801
1801,6202,Categorias | SECRETARIA MUNICIPAL DE EDUCAÇÃO | SUBSECRETARIAS | SUBSECRETARIA DE ENSINO | 3ª COORDENADORIA REGIONAL DE EDUCAÇÃO | OUTROS,Lauda de sindicância SUECIA,http://doweb.rio.rj.gov.br/do/navegadorhtml/mostrar.htm?id=6202&edi_id=1801
1801,6185,Categorias | SECRETARIA MUNICIPAL DE EDUCAÇÃO | SUBSECRETARIAS | SUBSECRETARIA DE ENSINO | 4ª COORDENADORIA REGIONAL DE EDUCAÇÃO | DESPACHOS,DESPACHO DA COORDENADORA,http://doweb.rio.rj.gov.br/do/navegadorhtml/mostrar.htm?id=6185&edi_id=1801
1801,6288,Categorias | SECRETARIA MUNICIPAL DE EDUCAÇÃO | SUBSECRETARIAS | SUBSECRETARIA DE ENSINO | 6ª COORDENADORIA REGIONAL DE EDUCAÇÃO | DESPACHOS,Despacho autorizo creche e retificação,http://doweb.rio.rj.gov.br/do/navegadorhtml/mostrar.htm?id=6288&edi_id=1801
1801,6343,Categorias | SECRETARIA MUNICIPAL DE EDUCAÇÃO | SUBSECRETARIAS | SUBSECRETARIA DE ENSINO | 7ª COORDENADORIA REGIONAL DE EDUCAÇÃO | DESPACHOS,Aprovo SDP 27.06.2012,http://doweb.rio.rj.gov.br/do/navegadorhtml/mostrar.htm?id=6343&edi_id=1801
1801,6153,Categorias | SECRETARIA MUNICIPAL DE EDUCAÇÃO | SUBSECRETARIAS | SUBSECRETARIA DE ENSINO | 7ª COORDENADORIA REGIONAL DE EDUCAÇÃO | DESPACHOS,autorizo sportplus,http://doweb.rio.rj.gov.br/do/navegadorhtml/mostrar.htm?id=6153&edi_id=1801
1801,6147,Categorias | SECRETARIA MUNICIPAL DE EDUCAÇÃO | SUBSECRETARIAS | SUBSECRETARIA DE ENSINO | 8ª COORDENADORIA REGIONAL DE EDUCAÇÃO | DESPACHOS,Despacho da Coordenadora,http://doweb.rio.rj.gov.br/do/navegadorhtml/mostrar.htm?id=6147&edi_id=1801
1801,6148,Categorias | SECRETARIA MUNICIPAL DE EDUCAÇÃO | SUBSECRETARIAS | SUBSECRETARIA DE ENSINO | 8ª COORDENADORIA REGIONAL DE EDUCAÇÃO | DESPACHOS,Despacho da Coordenadora,http://doweb.rio.rj.gov.br/do/navegadorhtml/mostrar.htm?id=6148&edi_id=1801
1801,6324,Categorias | SECRETARIA MUNICIPAL DE EDUCAÇÃO | SUBSECRETARIAS | SUBSECRETARIA DE ENSINO | 8ª COORDENADORIA REGIONAL DE EDUCAÇÃO | DESPACHOS,Despacho da Coordenadora,http://doweb.rio.rj.gov.br/do/navegadorhtml/mostrar.htm?id=6324&edi_id=1801
1801,6183,Categorias | SECRETARIA MUNICIPAL DE EDUCAÇÃO | SUBSECRETARIAS | SUBSECRETARIA DE ENSINO | 9ª COORDENADORIA REGIONAL DE EDUCAÇÃO | PORTARIAS | PORTARIA P,AT 07I 27-6-2012,http://doweb.rio.rj.gov.br/do/navegadorhtml/mostrar.htm?id=6183&edi_id=1801
1801,6465,Categorias | SECRETARIA MUNICIPAL DE EDUCAÇÃO | SUBSECRETARIAS | SUBSECRETARIA DE ENSINO | 10ª COORDENADORIA REGIONAL DE EDUCAÇÃO | DESPACHOS,de07i2706,http://doweb.rio.rj.gov.br/do/navegadorhtml/mostrar.htm?id=6465&edi_id=1801
1801,6190,Categorias | SECRETARIA MUNICIPAL DE EDUCAÇÃO | EMPRESA MUNICIPAL DE MULTIMEIOS | PORTARIAS | PORTARIA P,LAUDA - PORTARIA 40 de 26 de junho de 2012 - ALTERAÇÃO DA PORTARIA 17-2011,http://doweb.rio.rj.gov.br/do/navegadorhtml/mostrar.htm?id=6190&edi_id=1801
1801,6466,Categorias | SECRETARIA MUNICIPAL DE EDUCAÇÃO | EMPRESA MUNICIPAL DE MULTIMEIOS | DESPACHOS,14_15062012_24_XVI_25_II_25_III,http://doweb.rio.rj.gov.br/do/navegadorhtml/mostrar.htm?id=6466&edi_id=1801
1801,6371,Categorias | SECRETARIA MUNICIPAL DE EDUCAÇÃO | EMPRESA MUNICIPAL DE MULTIMEIOS | DESPACHOS,AUTORIZO DE LICITAÇÃO.Manutenção Predial,http://doweb.rio.rj.gov.br/do/navegadorhtml/mostrar.htm?id=6371&edi_id=1801
1801,6442,Categorias | SECRETARIA MUNICIPAL DE ADMINISTRAÇÃO | OUTROS,GAB-SMA 27062012,http://doweb.rio.rj.gov.br/do/navegadorhtml/mostrar.htm?id=6442&edi_id=1801
1801,6353,Categorias | SECRETARIA MUNICIPAL DE ADMINISTRAÇÃO | COODENADORIAS | COORDENADORIA GERAL DO SUBSISTEMA DE RECURSOS HUMANOS | COORDENADORIA DE ADMINISTRAÇÃO DE RECURSOS HUMANOS | PORTARIAS  | PORTARIA P,PORTARIAS_CAD_27.06.2012,http://doweb.rio.rj.gov.br/do/navegadorhtml/mostrar.htm?id=6353&edi_id=1801
1801,6359,Categorias | SECRETARIA MUNICIPAL DE ADMINISTRAÇÃO | COODENADORIAS | COORDENADORIA GERAL DO SUBSISTEMA DE RECURSOS HUMANOS | COORDENADORIA DE ADMINISTRAÇÃO DE RECURSOS HUMANOS | DESPACHOS,DESPACHOS_GERENTE_CAD_27.06.2012,http://doweb.rio.rj.gov.br/do/navegadorhtml/mostrar.htm?id=6359&edi_id=1801
1801,6449,Categorias | SECRETARIA MUNICIPAL DE ADMINISTRAÇÃO | SUPERINTENDÊNCIAS | PORTARIAS | PORTARIA P,lauda_SCI_28_06,http://doweb.rio.rj.gov.br/do/navegadorhtml/mostrar.htm?id=6449&edi_id=1801
1801,6450,Categorias | SECRETARIA MUNICIPAL DE ADMINISTRAÇÃO | SUPERINTENDÊNCIAS | DESPACHOS,lauda_SCI_28_06_b,http://doweb.rio.rj.gov.br/do/navegadorhtml/mostrar.htm?id=6450&edi_id=1801
1801,6203,Categorias | SECRETARIA MUNICIPAL DE DESENVOLVIMENTO SOCIAL | RESOLUÇÕES | RESOLUÇÃO P,Resolução de Fiscais,http://doweb.rio.rj.gov.br/do/navegadorhtml/mostrar.htm?id=6203&edi_id=1801
1801,6333,Categorias | SECRETARIA MUNICIPAL DE DESENVOLVIMENTO SOCIAL | SUBSECRETARIAS | SUBSECRETARIA DE GESTÃO  | DESPACHOS,NAD 183/2012 E OUTRAS,http://doweb.rio.rj.gov.br/do/navegadorhtml/mostrar.htm?id=6333&edi_id=1801
1801,6210,Categorias | SECRETARIA MUNICIPAL DE DESENVOLVIMENTO SOCIAL | CONSELHOS | CONSELHO MUNICIPAL DE ASSISTÊNCIA SOCIAL  | OUTROS,Delib. 610,http://doweb.rio.rj.gov.br/do/navegadorhtml/mostrar.htm?id=6210&edi_id=1801
1801,6211,Categorias | SECRETARIA MUNICIPAL DE DESENVOLVIMENTO SOCIAL | CONSELHOS | CONSELHO MUNICIPAL DE ASSISTÊNCIA SOCIAL  | OUTROS,Delib. 611,http://doweb.rio.rj.gov.br/do/navegadorhtml/mostrar.htm?id=6211&edi_id=1801
1801,6213,Categorias | SECRETARIA MUNICIPAL DE DESENVOLVIMENTO SOCIAL | CONSELHOS | CONSELHO MUNICIPAL DE ASSISTÊNCIA SOCIAL  | OUTROS,Delib. 612,http://doweb.rio.rj.gov.br/do/navegadorhtml/mostrar.htm?id=6213&edi_id=1801
1801,6255,Categorias | SECRETARIA MUNICIPAL DE HABITAÇÃO | RESOLUÇÕES | RESOLUÇÃO P,DESIGNAÇÃO,http://doweb.rio.rj.gov.br/do/navegadorhtml/mostrar.htm?id=6255&edi_id=1801
1801,6159,Categorias | SECRETARIA MUNICIPAL DE HABITAÇÃO | DESPACHOS,Lauda homologação da CO -14 -11,http://doweb.rio.rj.gov.br/do/navegadorhtml/mostrar.htm?id=6159&edi_id=1801
1801,6318,Categorias | SECRETARIA MUNICIPAL DE HABITAÇÃO | DESPACHOS,LOT Piaí_1600021010_27jun12,http://doweb.rio.rj.gov.br/do/navegadorhtml/mostrar.htm?id=6318&edi_id=1801
1801,6361,Categorias | SECRETARIA MUNICIPAL DE SAÚDE  | DESPACHOS,despacho smsdc,http://doweb.rio.rj.gov.br/do/navegadorhtml/mostrar.htm?id=6361&edi_id=1801
1801,6436,Categorias | SECRETARIA MUNICIPAL DE SAÚDE  | SUBSECRETARIA DE GESTÃO  | DESPACHOS,despachos,http://doweb.rio.rj.gov.br/do/navegadorhtml/mostrar.htm?id=6436&edi_id=1801
1801,6390,Categorias | SECRETARIA MUNICIPAL DE SAÚDE  | SUBSECRETARIA DE GESTÃO  | DESPACHOS,AUTORIZO HOME BREAD,http://doweb.rio.rj.gov.br/do/navegadorhtml/mostrar.htm?id=6390&edi_id=1801
1801,6446,Categorias | SECRETARIA MUNICIPAL DE SAÚDE  | SUBSECRETARIA DE GESTÃO  |  ASSESORA ESPECIAL | DESPACHOS,26 Junho Assessora,http://doweb.rio.rj.gov.br/do/navegadorhtml/mostrar.htm?id=6446&edi_id=1801
1801,6364,Categorias | SECRETARIA MUNICIPAL DE SAÚDE  | SUBSECRETARIA DE GESTÃO  | COORDENADORIAS  | COORDENADORIA DE GESTÃO DE PESSOAS | DESPACHOS DO COORDENADOR,despacho cgp,http://doweb.rio.rj.gov.br/do/navegadorhtml/mostrar.htm?id=6364&edi_id=1801
1801,6135,Categorias | SECRETARIA MUNICIPAL DE SAÚDE  | SUBSECRETARIA DE GESTÃO  | COORDENADORIAS  | COORDENADORIA DE GESTÃO DE PESSOAS | DESPACHOS DO COORDENADOR,DESPACHO - ANULAÇÃO DE POSSE,http://doweb.rio.rj.gov.br/do/navegadorhtml/mostrar.htm?id=6135&edi_id=1801
1801,6368,Categorias | SECRETARIA MUNICIPAL DE SAÚDE  | SUBSECRETARIA DE PROMOÇÃ | DESPACHOS,despacho subpav,http://doweb.rio.rj.gov.br/do/navegadorhtml/mostrar.htm?id=6368&edi_id=1801
1801,6130,Categorias | SECRETARIA MUNICIPAL DE SAÚDE  | SUBSECRETARIA DE PROMOÇÃ | SUPERINTENDENCIA DE INTEGRAÇÃO DE ÁREAS DE PLANEJAMENTO  | COORDENADORIA DE ATENÇÃO PRIMÁRIA DA AP1  | DESPACHOS,LAUDA CAP 1.0 3,http://doweb.rio.rj.gov.br/do/navegadorhtml/mostrar.htm?id=6130&edi_id=1801
1801,6281,Categorias | SECRETARIA MUNICIPAL DE SAÚDE  | SUBSECRETARIA DE PROMOÇÃ | SUPERINTENDENCIA DE INTEGRAÇÃO DE ÁREAS DE PLANEJAMENTO  | COORDENADORIA DE ATENÇÃO PRIMÁRIA DA AP2.2  | DESPACHOS,APROVAÇÃO DE SDP CMR OC E POL. HP,http://doweb.rio.rj.gov.br/do/navegadorhtml/mostrar.htm?id=6281&edi_id=1801
1801,6195,Categorias | SECRETARIA MUNICIPAL DE SAÚDE  | SUBSECRETARIA DE PROMOÇÃ | SUPERINTENDENCIA DE INTEGRAÇÃO DE ÁREAS DE PLANEJAMENTO  | COORDENADORIA DE ATENÇÃO PRIMÁRIA DA AP2.2  | DESPACHOS,PUBLICAÇÃO NAD,http://doweb.rio.rj.gov.br/do/navegadorhtml/mostrar.htm?id=6195&edi_id=1801
1801,6150,Categorias | SECRETARIA MUNICIPAL DE SAÚDE  | SUBSECRETARIA DE PROMOÇÃ | SUPERINTENDENCIA DE INTEGRAÇÃO DE ÁREAS DE PLANEJAMENTO  | COORDENADORIA DE ATENÇÃO PRIMÁRIA DA AP4  | DESPACHOS,Retificação de publicação hmar,http://doweb.rio.rj.gov.br/do/navegadorhtml/mostrar.htm?id=6150&edi_id=1801
1801,5898,Categorias | SECRETARIA MUNICIPAL DE SAÚDE  | SUBSECRETARIA DE PROMOÇÃ | SUPERINTENDENCIA DE INTEGRAÇÃO DE ÁREAS DE PLANEJAMENTO  | COORDENADORIA DE ATENÇÃO PRIMÁRIA DA AP5.3  | DESPACHOS,Publicações cancelamentos NAD - 27-06-2012,http://doweb.rio.rj.gov.br/do/navegadorhtml/mostrar.htm?id=5898&edi_id=1801
1801,6116,Categorias | SECRETARIA MUNICIPAL DE SAÚDE  | SUBSECRETARIA DE ATENÇÃO HOSPITALA | SUPERINTENDÊNCIA DE URGÊNCIA E EMERGÊNCIA | HOSPITAL MUNICIPAL LOURENÇO JORGE  | DESPACHOS,APROVO DO FUNDO DE RESUPRIMENTO,http://doweb.rio.rj.gov.br/do/navegadorhtml/mostrar.htm?id=6116&edi_id=1801
1801,6110,Categorias | SECRETARIA MUNICIPAL DE SAÚDE  | SUBSECRETARIA DE ATENÇÃO HOSPITALA | SUPERINTENDÊNCIA DE URGÊNCIA E EMERGÊNCIA | HOSPITAL MUNICIPAL LOURENÇO JORGE  | DESPACHOS,PUBLICAÇÃO aprovo do sdp fundo resuprimento,http://doweb.rio.rj.gov.br/do/navegadorhtml/mostrar.htm?id=6110&edi_id=1801
1801,6455,Categorias | SECRETARIA MUNICIPAL DE SAÚDE  | SUBSECRETARIA DE ATENÇÃO HOSPITALA | SUPERINTENDÊNCIA DE URGÊNCIA E EMERGÊNCIA | HOSPITAL MUNICIPAL LOURENÇO JORGE  | DESPACHOS,NAD HMLJ,http://doweb.rio.rj.gov.br/do/navegadorhtml/mostrar.htm?id=6455&edi_id=1801
1801,6469,Categorias | SECRETARIA MUNICIPAL DE SAÚDE  | SUBSECRETARIA DE ATENÇÃO HOSPITALA | SUPERINTENDÊNCIA DE URGÊNCIA E EMERGÊNCIA | HOSPITAL MUNICIPAL LOURENÇO JORGE  | DESPACHOS,nad 309 307 12 prergao venancio e dispensa mogami,http://doweb.rio.rj.gov.br/do/navegadorhtml/mostrar.htm?id=6469&edi_id=1801
1801,6370,Categorias | SECRETARIA MUNICIPAL DE SAÚDE  | SUBSECRETARIA DE ATENÇÃO HOSPITALA | SUPERINTENDÊNCIA DE URGÊNCIA E EMERGÊNCIA | HOSPITAL MUNICIPAL MIGUEL COUTO  | PORTARIAS | PORTARIA P,portaria mc,http://doweb.rio.rj.gov.br/do/navegadorhtml/mostrar.htm?id=6370&edi_id=1801
1801,6244,Categorias | SECRETARIA MUNICIPAL DE SAÚDE  | SUBSECRETARIA DE ATENÇÃO HOSPITALA | SUPERINTENDÊNCIA DE URGÊNCIA E EMERGÊNCIA | HOSPITAL MUNICIPAL MIGUEL COUTO  | DESPACHOS,processo 0964/000018/2012 nad 400 empenho 521 inter hospitalar,http://doweb.rio.rj.gov.br/do/navegadorhtml/mostrar.htm?id=6244&edi_id=1801
1801,6229,Categorias | SECRETARIA MUNICIPAL DE SAÚDE  | SUBSECRETARIA DE ATENÇÃO HOSPITALA |  SUPERINTENDÊNCIA DE HOSPITAIS GERAIS E ESPECIALIZADOS  | HOSPITAL MUNICIPAL PAULINO WERNECK | DESPACHOS,PUBLICACÃO NAD 144 - Nutremaz (papel higiênico) dispensa 24 II,http://doweb.rio.rj.gov.br/do/navegadorhtml/mostrar.htm?id=6229&edi_id=1801
1801,6143,Categorias | SECRETARIA MUNICIPAL DE SAÚDE  | SUBSECRETARIA DE ATENÇÃO HOSPITALA |  SUPERINTENDÊNCIA DE HOSPITAIS GERAIS E ESPECIALIZADOS  | HOSPITAL MUNICIPAL FRANCISCO DA SILVA TELLES  | OUTROS,NAD 223.2012,http://doweb.rio.rj.gov.br/do/navegadorhtml/mostrar.htm?id=6143&edi_id=1801
1801,6355,Categorias | SECRETARIA MUNICIPAL DE SAÚDE  | SUBSECRETARIA DE ATENÇÃO HOSPITALA |  SUPERINTENDÊNCIA DE HOSPITAIS GERAIS E ESPECIALIZADOS  | HOSPITAL MUNICIPAL FRANCISCO DA SILVA TELLES  | OUTROS,NAD 224.2012 ,http://doweb.rio.rj.gov.br/do/navegadorhtml/mostrar.htm?id=6355&edi_id=1801
1801,6405,Categorias | SECRETARIA MUNICIPAL DE SAÚDE  | SUBSECRETARIA DE ATENÇÃO HOSPITALA |  SUPERINTENDÊNCIA DE HOSPITAIS GERAIS E ESPECIALIZADOS  | HOSPITAL MUNICIPAL RAPHAEL DE PAULA SOUZA  | OUTROS,24 II AQUIS INTEGRADOR QUÍM E ACESSÓRIOS ECG,http://doweb.rio.rj.gov.br/do/navegadorhtml/mostrar.htm?id=6405&edi_id=1801
1801,6257,Categorias | SECRETARIA MUNICIPAL DE SAÚDE  | SUBSECRETARIA DE ATENÇÃO HOSPITALA |  SUPERINTENDÊNCIA DE HOSPITAIS GERAIS E ESPECIALIZADOS  | HOSPITAL MUNICIPAL RAPHAEL DE PAULA SOUZA  | OUTROS,RETIFICAÇÃO DAS PARTES.26.06.12,http://doweb.rio.rj.gov.br/do/navegadorhtml/mostrar.htm?id=6257&edi_id=1801
1801,6156,Categorias | SECRETARIA MUNICIPAL DE SAÚDE  | SUBSECRETARIA DE ATENÇÃO HOSPITALA |  SUPERINTENDÊNCIA DE HOSPITAIS GERAIS E ESPECIALIZADOS  | HOSPITAL MUNICIPAL DE PIEDADE | DESPACHOS,Publicação para o HMP,http://doweb.rio.rj.gov.br/do/navegadorhtml/mostrar.htm?id=6156&edi_id=1801
1801,6171,Categorias | SECRETARIA MUNICIPAL DE SAÚDE  | SUBSECRETARIA DE ATENÇÃO HOSPITALA |  SUPERINTENDÊNCIA DE HOSPITAIS GERAIS E ESPECIALIZADOS  | HOSPITAL MUNICIPAL DE PIEDADE | DESPACHOS,Publicação para o H.M.PIEDADE,http://doweb.rio.rj.gov.br/do/navegadorhtml/mostrar.htm?id=6171&edi_id=1801
1801,6208,Categorias | SECRETARIA MUNICIPAL DE SAÚDE  | SUBSECRETARIA DE ATENÇÃO HOSPITALA |  SUPERINTENDÊNCIA DE HOSPITAIS GERAIS E ESPECIALIZADOS  | HOSPITAL MUNICIPAL DE PIEDADE | DESPACHOS,Publicação para o HMP,http://doweb.rio.rj.gov.br/do/navegadorhtml/mostrar.htm?id=6208&edi_id=1801
1801,6155,Categorias | SECRETARIA MUNICIPAL DE SAÚDE  | SUBSECRETARIA DE ATENÇÃO HOSPITALA |  SUPERINTENDÊNCIA DE HOSPITAIS PEDIÁTRICOS E MATERNIDADES  | HOSPITAL MUNICIPAL NOSSA SENHORA DO LORETO | DESPACHOS,"Publicar NADs 190/2012, 191/2012",http://doweb.rio.rj.gov.br/do/navegadorhtml/mostrar.htm?id=6155&edi_id=1801
1801,6274,Categorias | SECRETARIA MUNICIPAL DE SAÚDE  | SUBSECRETARIA DE ATENÇÃO HOSPITALA |  SUPERINTENDÊNCIA DE HOSPITAIS PEDIÁTRICOS E MATERNIDADES  | HOSPITAL MUNICIPAL NOSSA SENHORA DO LORETO | DESPACHOS,Publicar NAD 192/2012,http://doweb.rio.rj.gov.br/do/navegadorhtml/mostrar.htm?id=6274&edi_id=1801
1801,6204,Categorias | SECRETARIA MUNICIPAL DE SAÚDE  | SUBSECRETARIA DE ATENÇÃO HOSPITALA |  SUPERINTENDÊNCIA DE HOSPITAIS PEDIÁTRICOS E MATERNIDADES  | HOSPITAL MATERNIDADE OSWALDO NAZARETH  | OUTROS,NADs de Prorrogação,http://doweb.rio.rj.gov.br/do/navegadorhtml/mostrar.htm?id=6204&edi_id=1801
1801,6259,Categorias | SECRETARIA MUNICIPAL DE SAÚDE  | SUBSECRETARIA DE ATENÇÃO HOSPITALA |  SUPERINTENDÊNCIA DE HOSPITAIS PEDIÁTRICOS E MATERNIDADES  | HOSPITAL MATERNIDADE OSWALDO NAZARETH  | OUTROS,NADs,http://doweb.rio.rj.gov.br/do/navegadorhtml/mostrar.htm?id=6259&edi_id=1801
1801,6282,Categorias | SECRETARIA MUNICIPAL DE SAÚDE  | SUBSECRETARIA DE ATENÇÃO HOSPITALA |  SUPERINTENDÊNCIA DE HOSPITAIS PEDIÁTRICOS E MATERNIDADES  | HOSPITAL MATERNIDADE HERCULANO PINHEIRO  | DESPACHOS,Publicação de NAD 234 a 236,http://doweb.rio.rj.gov.br/do/navegadorhtml/mostrar.htm?id=6282&edi_id=1801
1801,6342,Categorias | SECRETARIA MUNICIPAL DE SAÚDE  | SUBSECRETARIA DE ATENÇÃO HOSPITALA |  SUPERINTENDÊNCIA DE HOSPITAIS PEDIÁTRICOS E MATERNIDADES  | HOSPITAL MATERNIDADE HERCULANO PINHEIRO  | DESPACHOS,Publicação NAD 237,http://doweb.rio.rj.gov.br/do/navegadorhtml/mostrar.htm?id=6342&edi_id=1801
1801,6175,Categorias | SECRETARIA MUNICIPAL DE SAÚDE  | SUBSECRETARIA DE ATENÇÃO HOSPITALA |  SUPERINTENDÊNCIA DE HOSPITAIS PEDIÁTRICOS E MATERNIDADES  | HOSPITAL MATERNIDADE FERNANDO MAGALHÃES  | DESPACHOS,Publicação DO HMFM NAD 243 e 252 2012,http://doweb.rio.rj.gov.br/do/navegadorhtml/mostrar.htm?id=6175&edi_id=1801
1801,6374,Categorias | SECRETARIA MUNICIPAL DE SAÚDE  | SUBSECRETARIA DE ATENÇÃO HOSPITALA |  SUPERINTENDÊNCIA DE HOSPITAIS PEDIÁTRICOS E MATERNIDADES  | HOSPITAL MATERNIDADE ALEXANDER FLEMING  | PORTARIAS | PORTARIA P,portaria hmaf,http://doweb.rio.rj.gov.br/do/navegadorhtml/mostrar.htm?id=6374&edi_id=1801
1801,6246,Categorias | SECRETARIA MUNICIPAL DE SAÚDE  | SUBSECRETARIA DE ATENÇÃO HOSPITALA |  SUPERINTENDÊNCIA DE HOSPITAIS PEDIÁTRICOS E MATERNIDADES  | HOSPITAL MATERNIDADE ALEXANDER FLEMING  | DESPACHOS,Despacho  NAD 178 2012 -drogas e medicamentos,http://doweb.rio.rj.gov.br/do/navegadorhtml/mostrar.htm?id=6246&edi_id=1801
1801,6248,Categorias | SECRETARIA MUNICIPAL DE SAÚDE  | SUBSECRETARIA DE ATENÇÃO HOSPITALA |  SUPERINTENDÊNCIA DE HOSPITAIS PEDIÁTRICOS E MATERNIDADES  | HOSPITAL MATERNIDADE ALEXANDER FLEMING  | DESPACHOS,Despacho  NAD 179 2012 -drogas e medicamentos,http://doweb.rio.rj.gov.br/do/navegadorhtml/mostrar.htm?id=6248&edi_id=1801
1801,6249,Categorias | SECRETARIA MUNICIPAL DE SAÚDE  | SUBSECRETARIA DE ATENÇÃO HOSPITALA |  SUPERINTENDÊNCIA DE HOSPITAIS PEDIÁTRICOS E MATERNIDADES  | HOSPITAL MATERNIDADE ALEXANDER FLEMING  | DESPACHOS,Despacho  NAD 180 2012 -drogas e medicamentos,http://doweb.rio.rj.gov.br/do/navegadorhtml/mostrar.htm?id=6249&edi_id=1801
1801,6250,Categorias | SECRETARIA MUNICIPAL DE SAÚDE  | SUBSECRETARIA DE ATENÇÃO HOSPITALA |  SUPERINTENDÊNCIA DE HOSPITAIS PEDIÁTRICOS E MATERNIDADES  | HOSPITAL MATERNIDADE ALEXANDER FLEMING  | DESPACHOS,Despacho  NAD 181 2012 -drogas e medicamentos,http://doweb.rio.rj.gov.br/do/navegadorhtml/mostrar.htm?id=6250&edi_id=1801
1801,6252,Categorias | SECRETARIA MUNICIPAL DE SAÚDE  | SUBSECRETARIA DE ATENÇÃO HOSPITALA |  SUPERINTENDÊNCIA DE HOSPITAIS PEDIÁTRICOS E MATERNIDADES  | HOSPITAL MATERNIDADE ALEXANDER FLEMING  | DESPACHOS,Despacho  NAD182 2012 -drogas e medicamentos,http://doweb.rio.rj.gov.br/do/navegadorhtml/mostrar.htm?id=6252&edi_id=1801
1801,6253,Categorias | SECRETARIA MUNICIPAL DE SAÚDE  | SUBSECRETARIA DE ATENÇÃO HOSPITALA |  SUPERINTENDÊNCIA DE HOSPITAIS PEDIÁTRICOS E MATERNIDADES  | HOSPITAL MATERNIDADE ALEXANDER FLEMING  | DESPACHOS,Despacho  NAD183 2012 -drogas e medicamentos,http://doweb.rio.rj.gov.br/do/navegadorhtml/mostrar.htm?id=6253&edi_id=1801
1801,6254,Categorias | SECRETARIA MUNICIPAL DE SAÚDE  | SUBSECRETARIA DE ATENÇÃO HOSPITALA |  SUPERINTENDÊNCIA DE HOSPITAIS PEDIÁTRICOS E MATERNIDADES  | HOSPITAL MATERNIDADE ALEXANDER FLEMING  | DESPACHOS,Despacho  NAD 184 2012 -serviços de informatica,http://doweb.rio.rj.gov.br/do/navegadorhtml/mostrar.htm?id=6254&edi_id=1801
1801,6262,Categorias | SECRETARIA MUNICIPAL DE SAÚDE  | SUBSECRETARIA DE ATENÇÃO HOSPITALA |  SUPERINTENDÊNCIA DE HOSPITAIS PEDIÁTRICOS E MATERNIDADES  | HOSPITAL MATERNIDADE ALEXANDER FLEMING  | DESPACHOS,Despacho  NAD185 2012 -material de informatica,http://doweb.rio.rj.gov.br/do/navegadorhtml/mostrar.htm?id=6262&edi_id=1801
1801,6265,Categorias | SECRETARIA MUNICIPAL DE SAÚDE  | SUBSECRETARIA DE ATENÇÃO HOSPITALA |  SUPERINTENDÊNCIA DE HOSPITAIS PEDIÁTRICOS E MATERNIDADES  | HOSPITAL MATERNIDADE ALEXANDER FLEMING  | DESPACHOS,Despacho  NAD186 2012 -material deuso medicinal cirug e odo,http://doweb.rio.rj.gov.br/do/navegadorhtml/mostrar.htm?id=6265&edi_id=1801
1801,6338,Categorias | SECRETARIA MUNICIPAL DE SAÚDE  | SUBSECRETARIA DE ATENÇÃO HOSPITALA |  SUPERINTENDÊNCIA DE HOSPITAIS PEDIÁTRICOS E MATERNIDADES  | HOSPITAL MUNICIPAL JESUS | DESPACHOS,Publicacao_28_06_2012,http://doweb.rio.rj.gov.br/do/navegadorhtml/mostrar.htm?id=6338&edi_id=1801
1801,6168,Categorias | SECRETARIA MUNICIPAL DE SAÚDE  | SUBSECRETARIA DE ATENÇÃO HOSPITALA | SUPERINTENDÊNCIA DE INSTITUTOS MUNICIPAIS  | INSTITUTO MUNICIPAL PHILIPPE PINEL | DESPACHOS,NAD-085.,http://doweb.rio.rj.gov.br/do/navegadorhtml/mostrar.htm?id=6168&edi_id=1801
1801,6312,Categorias | SECRETARIA MUNICIPAL DE SAÚDE  | SUBSECRETARIA DE VIGILÂNCI | DESPACHOS,NAD,http://doweb.rio.rj.gov.br/do/navegadorhtml/mostrar.htm?id=6312&edi_id=1801
1801,6303,Categorias | SECRETARIA MUNICIPAL DE SAÚDE  | SUBSECRETARIA DE VIGILÂNCI | DESPACHOS,RATIFICO,http://doweb.rio.rj.gov.br/do/navegadorhtml/mostrar.htm?id=6303&edi_id=1801
1801,6322,Categorias | SECRETARIA MUNICIPAL DE SAÚDE  | SUBSECRETARIA DE VIGILÂNCI | DESPACHOS,NAD,http://doweb.rio.rj.gov.br/do/navegadorhtml/mostrar.htm?id=6322&edi_id=1801
1801,6302,Categorias | SECRETARIA MUNICIPAL DE SAÚDE  | SUBSECRETARIA DE VIGILÂNCI | DESPACHOS,NAD,http://doweb.rio.rj.gov.br/do/navegadorhtml/mostrar.htm?id=6302&edi_id=1801
1801,6296,Categorias | SECRETARIA MUNICIPAL DE SAÚDE  | SUBSECRETARIA DE VIGILÂNCI | DESPACHOS,NAD,http://doweb.rio.rj.gov.br/do/navegadorhtml/mostrar.htm?id=6296&edi_id=1801
1801,6297,Categorias | SECRETARIA MUNICIPAL DE SAÚDE  | SUBSECRETARIA DE VIGILÂNCI | DESPACHOS,AUTORIZO,http://doweb.rio.rj.gov.br/do/navegadorhtml/mostrar.htm?id=6297&edi_id=1801
1801,6290,Categorias | SECRETARIA MUNICIPAL DE SAÚDE  | SUBSECRETARIA DE VIGILÂNCI | DESPACHOS,NAD,http://doweb.rio.rj.gov.br/do/navegadorhtml/mostrar.htm?id=6290&edi_id=1801
1801,6292,Categorias | SECRETARIA MUNICIPAL DE SAÚDE  | SUBSECRETARIA DE VIGILÂNCI | DESPACHOS,NAD,http://doweb.rio.rj.gov.br/do/navegadorhtml/mostrar.htm?id=6292&edi_id=1801
1801,6305,Categorias | SECRETARIA MUNICIPAL DE SAÚDE  | SUBSECRETARIA DE VIGILÂNCI | DESPACHOS,NAD,http://doweb.rio.rj.gov.br/do/navegadorhtml/mostrar.htm?id=6305&edi_id=1801
1801,6307,Categorias | SECRETARIA MUNICIPAL DE SAÚDE  | SUBSECRETARIA DE VIGILÂNCI | DESPACHOS,NAD,http://doweb.rio.rj.gov.br/do/navegadorhtml/mostrar.htm?id=6307&edi_id=1801
1801,6309,Categorias | SECRETARIA MUNICIPAL DE SAÚDE  | SUBSECRETARIA DE VIGILÂNCI | DESPACHOS,NAD,http://doweb.rio.rj.gov.br/do/navegadorhtml/mostrar.htm?id=6309&edi_id=1801
1801,6314,Categorias | SECRETARIA MUNICIPAL DE SAÚDE  | SUBSECRETARIA DE VIGILÂNCI | DESPACHOS,NAD TORNOU SEM EFEITO,http://doweb.rio.rj.gov.br/do/navegadorhtml/mostrar.htm?id=6314&edi_id=1801
1801,6329,Categorias | SECRETARIA MUNICIPAL DE SAÚDE  | SUBSECRETARIA DE VIGILÂNCI | DESPACHOS,NAD TORNOU SEM EFEITO,http://doweb.rio.rj.gov.br/do/navegadorhtml/mostrar.htm?id=6329&edi_id=1801
1801,6287,Categorias | SECRETARIA MUNICIPAL DE SAÚDE  | SUBSECRETARIA DE VIGILÂNCI | DESPACHOS,Aquisição de Ração,http://doweb.rio.rj.gov.br/do/navegadorhtml/mostrar.htm?id=6287&edi_id=1801
1801,6331,Categorias | SECRETARIA MUNICIPAL DE SAÚDE  | SUBSECRETARIA DE VIGILÂNCI | DESPACHOS,AUTORIZO,http://doweb.rio.rj.gov.br/do/navegadorhtml/mostrar.htm?id=6331&edi_id=1801
1801,6341,Categorias | SECRETARIA MUNICIPAL DE SAÚDE  | SUBSECRETARIA DE VIGILÂNCI | DESPACHOS,NAD,http://doweb.rio.rj.gov.br/do/navegadorhtml/mostrar.htm?id=6341&edi_id=1801
1801,6160,Categorias | SECRETARIA MUNICIPAL DE SAÚDE  | SUBSECRETARIA DE VIGILÂNCI | SUPERINTENDÊNCIA DE VIGILÂNCIA E FISCALIZAÇÃO SANITÁRIA EM ALIMENTOS  | DESPACHOS,documentos emitido,http://doweb.rio.rj.gov.br/do/navegadorhtml/mostrar.htm?id=6160&edi_id=1801
1801,6145,Categorias | SECRETARIA MUNICIPAL DE SAÚDE  | SUBSECRETARIA DE VIGILÂNCI | SUPERINTENDÊNCIA DE VIGILÂNCIA E FISCALIZAÇÃO SANITÁRIA EM ALIMENTOS  | DESPACHOS,Processos SVFSA 26062012,http://doweb.rio.rj.gov.br/do/navegadorhtml/mostrar.htm?id=6145&edi_id=1801
1801,6205,Categorias | SECRETARIA MUNICIPAL DE SAÚDE  | SUBSECRETARIA DE VIGILÂNCI | SUPERINTENDÊNCIA DE VIGILÂNCIA E FISCALIZAÇÃO SANITÁRIA EM ARQUITETURA E ENGENHARIA  | DESPACHOS,EXPEDIENTE DE 26/06/12,http://doweb.rio.rj.gov.br/do/navegadorhtml/mostrar.htm?id=6205&edi_id=1801
1801,6406,Categorias | SECRETARIA MUNICIPAL DE CULTURA | RESOLUÇÕES | RESOLUÇÕES P,RESOLUÇÕES,http://doweb.rio.rj.gov.br/do/navegadorhtml/mostrar.htm?id=6406&edi_id=1801
1801,6412,Categorias | SECRETARIA MUNICIPAL DE CULTURA | DESPACHOS,DESPACHO DO SECRETARIO,http://doweb.rio.rj.gov.br/do/navegadorhtml/mostrar.htm?id=6412&edi_id=1801
1801,6417,Categorias | SECRETARIA MUNICIPAL DE CULTURA | SUBSECRETARIA DE GESTÃO | DESPACHOS,DESPACHO DO SUBSECRETARIO,http://doweb.rio.rj.gov.br/do/navegadorhtml/mostrar.htm?id=6417&edi_id=1801
1801,6233,Categorias | SECRETARIA MUNICIPAL DE CULTURA | EMPRESA DISTRIBUIDORA DE FILMES SA  | PORTARIAS | PORTARIA P,PORTARIA - SINDICÂNCI GLOBOSAP - 2012,http://doweb.rio.rj.gov.br/do/navegadorhtml/mostrar.htm?id=6233&edi_id=1801
1801,6230,Categorias | SECRETARIA MUNICIPAL DE CULTURA | EMPRESA DISTRIBUIDORA DE FILMES SA  | PORTARIAS | PORTARIA P,PORTARIA - A ESPDERANÇA É A ... - 2012,http://doweb.rio.rj.gov.br/do/navegadorhtml/mostrar.htm?id=6230&edi_id=1801
1801,6235,Categorias | SECRETARIA MUNICIPAL DE CULTURA | EMPRESA DISTRIBUIDORA DE FILMES SA  | PORTARIAS | PORTARIA P,PORTARIA - AMAZÔNIA - 2012,http://doweb.rio.rj.gov.br/do/navegadorhtml/mostrar.htm?id=6235&edi_id=1801
1801,6237,Categorias | SECRETARIA MUNICIPAL DE CULTURA | FUNDAÇÃO PLANETÁRIO DA CIDADE DO RIO DE JANEIRO | DESPACHOS,Despacho.,http://doweb.rio.rj.gov.br/do/navegadorhtml/mostrar.htm?id=6237&edi_id=1801
1801,6467,Categorias | SECRETARIA MUNICIPAL DE URBANISMO | RESOLUÇÕES | RESOLUÇÕES N,27062012RESOLUÇÃO,http://doweb.rio.rj.gov.br/do/navegadorhtml/mostrar.htm?id=6467&edi_id=1801
1801,6447,Categorias | SECRETARIA MUNICIPAL DE URBANISMO | DESPACHOS,27062012,http://doweb.rio.rj.gov.br/do/navegadorhtml/mostrar.htm?id=6447&edi_id=1801
1801,6461,Categorias | SECRETARIA MUNICIPAL DE URBANISMO | COODENADORIAS | DESPACHOS,27062012PUBLICAÇÃOEXTERNA,http://doweb.rio.rj.gov.br/do/navegadorhtml/mostrar.htm?id=6461&edi_id=1801
1801,6386,Categorias | SECRETARIA MUNICIPAL DE TRANSPORTES | RESOLUÇÕES | RESOLUÇÕES N,Resolução SMTR no. 2233 de 27062012,http://doweb.rio.rj.gov.br/do/navegadorhtml/mostrar.htm?id=6386&edi_id=1801
1801,6432,Categorias | SECRETARIA MUNICIPAL DE TRANSPORTES | DESPACHOS,Despachos Secretário 27062012.Bdoc,http://doweb.rio.rj.gov.br/do/navegadorhtml/mostrar.htm?id=6432&edi_id=1801
1801,6391,Categorias | SECRETARIA MUNICIPAL DE TRANSPORTES | DESPACHOS,Despachos Secretário 27062012,http://doweb.rio.rj.gov.br/do/navegadorhtml/mostrar.htm?id=6391&edi_id=1801
1801,6393,Categorias | SECRETARIA MUNICIPAL DE TRANSPORTES | SUBSECRETARIAS | SUBSECRETARIA DE GESTÃO | DESPACHOS,Despacho Subsecretario Gestão 27062012,http://doweb.rio.rj.gov.br/do/navegadorhtml/mostrar.htm?id=6393&edi_id=1801
1801,6270,Categorias | SECRETARIA MUNICIPAL DE TRANSPORTES | SUBSECRETARIAS | SUBSECRETARIA DE FISCALIZAÇÃO  | DESPACHOS,Despacho Subsecretario de Fiscalização de 27062012,http://doweb.rio.rj.gov.br/do/navegadorhtml/mostrar.htm?id=6270&edi_id=1801
1801,6291,Categorias | SECRETARIA MUNICIPAL DE TRANSPORTES | COODENADORIAS | COORDENADORIA DE LICENCIAMENTO | DESPACHOS,LAUDA DA SMTR-CL - 27-06-12,http://doweb.rio.rj.gov.br/do/navegadorhtml/mostrar.htm?id=6291&edi_id=1801
1801,6316,Categorias | SECRETARIA MUNICIPAL DE TRANSPORTES | COODENADORIAS | COORDENADORIA DE LICENCIAMENTO | GERÊNCIA DE TRANSPORTE INDIVIDUAL,PUB.GTI.27.06.12.DOC,http://doweb.rio.rj.gov.br/do/navegadorhtml/mostrar.htm?id=6316&edi_id=1801
1801,6319,Categorias | SECRETARIA MUNICIPAL DE TRANSPORTES | COODENADORIAS | COORDENADORIA DE LICENCIAMENTO | GERÊNCIA DE TRANSPORTE COLETIVO | OUTROS,PUB GTC-27-06-2012,http://doweb.rio.rj.gov.br/do/navegadorhtml/mostrar.htm?id=6319&edi_id=1801
1801,6340,Categorias | SECRETARIA MUNICIPAL DE TRANSPORTES | COODENADORIAS | COORDENADORIA DE REGULAMENTAÇÃO E INFRAÇÕES VIÁRIAS | PORTARIAS,Portarias 27-06-2012,http://doweb.rio.rj.gov.br/do/navegadorhtml/mostrar.htm?id=6340&edi_id=1801
1801,6337,Categorias | SECRETARIA MUNICIPAL DE TRANSPORTES | COODENADORIAS | COORDENADORIA DE REGULAMENTAÇÃO E INFRAÇÕES VIÁRIAS | DESPACHOS,27-06-2012-DEF,http://doweb.rio.rj.gov.br/do/navegadorhtml/mostrar.htm?id=6337&edi_id=1801
1801,6351,Categorias | SECRETARIA MUNICIPAL DE TRANSPORTES | COMPANHIA DE ENGENHARIA DE TRÁFEGO DO RIO DE JANEIRO | DESPACHOS,LAUDA 27 06,http://doweb.rio.rj.gov.br/do/navegadorhtml/mostrar.htm?id=6351&edi_id=1801
1801,6458,Categorias | SECRETARIA MUNICIPAL DE MEIO AMBIENTE | RESOLUÇÕES | RESOLUÇÕES P,LAUDA 27062012,http://doweb.rio.rj.gov.br/do/navegadorhtml/mostrar.htm?id=6458&edi_id=1801
1801,6468,Categorias | SECRETARIA MUNICIPAL DE MEIO AMBIENTE | COORDENADORIAS | DESPACHOS,PUBLICAÇÃO-27062012 - CLA,http://doweb.rio.rj.gov.br/do/navegadorhtml/mostrar.htm?id=6468&edi_id=1801
1801,6218,Categorias | SECRETARIA MUNICIPAL DE MEIO AMBIENTE | COORDENADORIAS | DESPACHOS,Expediente GPA_27_06 12,http://doweb.rio.rj.gov.br/do/navegadorhtml/mostrar.htm?id=6218&edi_id=1801
1801,6219,Categorias | SECRETARIA MUNICIPAL DE MEIO AMBIENTE | COORDENADORIAS | DESPACHOS,Expediente GPA 27 _06-2012,http://doweb.rio.rj.gov.br/do/navegadorhtml/mostrar.htm?id=6219&edi_id=1801
1801,6345,Categorias | SECRETARIA MUNICIPAL DE MEIO AMBIENTE | FUNDAÇÃO PARQUES E JARDINS DO MUNICÍPIO DO RIO DE JANEIRO | DESPACHOS,DESPACHOS DO PRESIDENTE,http://doweb.rio.rj.gov.br/do/navegadorhtml/mostrar.htm?id=6345&edi_id=1801
1801,6347,Categorias | SECRETARIA MUNICIPAL DE MEIO AMBIENTE | FUNDAÇÃO PARQUES E JARDINS DO MUNICÍPIO DO RIO DE JANEIRO | OUTROS,DESPACHOS DA DIRETORA,http://doweb.rio.rj.gov.br/do/navegadorhtml/mostrar.htm?id=6347&edi_id=1801
1801,6264,Categorias | SECRETARIA ESPECIAL DE TURISMO | EMPRESA DE TURISMO DO MUNICÍPIO DO RIO DE JANEIRO | DESPACHOS,DESPACHOS,http://doweb.rio.rj.gov.br/do/navegadorhtml/mostrar.htm?id=6264&edi_id=1801
1801,6335,Categorias | SECRETARIA ESPECIAL DE TURISMO | EMPRESA DE TURISMO DO MUNICÍPIO DO RIO DE JANEIRO | DESPACHOS,DESPACHOS,http://doweb.rio.rj.gov.br/do/navegadorhtml/mostrar.htm?id=6335&edi_id=1801
1801,6402,Categorias | SECRETARIA ESPECIAL DE ENVELHECIMENTO SAUDÁVEL E QUALIDADE DE VIDA | SUBSECRETARIA | DESPACHOS,DESPACHO AUTORIZO ATA ÁGUA MINERAL,http://doweb.rio.rj.gov.br/do/navegadorhtml/mostrar.htm?id=6402&edi_id=1801
1801,6285,Categorias | PROCURADORIA GERAL DO MUNICÍPIO DO RIO DE JANEIRO | SUBPROCURADORIA GERAL | DESPACHOS,Despacho de 19-06-12 - PG/SUB,http://doweb.rio.rj.gov.br/do/navegadorhtml/mostrar.htm?id=6285&edi_id=1801
1801,6295,Categorias | TRIBUNAL DE CONTAS DO MUNICÍPIO | DESPACHOS,PUBLIC 16.DOC,http://doweb.rio.rj.gov.br/do/navegadorhtml/mostrar.htm?id=6295&edi_id=1801
1801,6356,Categorias | TRIBUNAL DE CONTAS DO MUNICÍPIO | OUTROS,Gab 27-06,http://doweb.rio.rj.gov.br/do/navegadorhtml/mostrar.htm?id=6356&edi_id=1801
1801,6306,Categorias | TRIBUNAL DE CONTAS DO MUNICÍPIO | OUTROS,PUBLICAÇÃO-27-06-2012,http://doweb.rio.rj.gov.br/do/navegadorhtml/mostrar.htm?id=6306&edi_id=1801
1801,6241,Categorias | TRIBUNAL DE CONTAS DO MUNICÍPIO | OUTROS,Ata 42,http://doweb.rio.rj.gov.br/do/navegadorhtml/mostrar.htm?id=6241&edi_id=1801
1801,6234,Categorias | AVISOS EDITAIS E TERMOS DE CONTRATOS | SECRETARIA MUNICIPAL DA CASA CIVIL | EMPRESA MUNICIPAL DE INFORMÁTICA | AVISOS,Convocação concursados 27-06,http://doweb.rio.rj.gov.br/do/navegadorhtml/mostrar.htm?id=6234&edi_id=1801
1801,6400,Categorias | AVISOS EDITAIS E TERMOS DE CONTRATOS | SECRETARIA MUNICIPAL DA CASA CIVIL | EMPRESA MUNICIPAL DE INFORMÁTICA | EXTRATOS,DAF - TA007/2012 - TELEMAR e TNL,http://doweb.rio.rj.gov.br/do/navegadorhtml/mostrar.htm?id=6400&edi_id=1801
1801,6367,Categorias | AVISOS EDITAIS E TERMOS DE CONTRATOS | SECRETARIA MUNICIPAL DE ORDEM PÚBLICA | AVISOS,AVISOS E EDITAIS,http://doweb.rio.rj.gov.br/do/navegadorhtml/mostrar.htm?id=6367&edi_id=1801
1801,6157,Categorias | AVISOS EDITAIS E TERMOS DE CONTRATOS | SECRETARIA MUNICIPAL DE ORDEM PÚBLICA | COORDENADORIAS  | INSPETORIA REGIONAL DE LICENCIAMENTO E FISCALIZAÇÃO-IRLF | 10ª INSPETORIA REGIONAL DE LICENCIAMENTO E FISCALIZAÇÃO | AVISOS,Aviso de autuação DO 27062012,http://doweb.rio.rj.gov.br/do/navegadorhtml/mostrar.htm?id=6157&edi_id=1801
1801,6152,Categorias | AVISOS EDITAIS E TERMOS DE CONTRATOS | SECRETARIA MUNICIPAL DE ORDEM PÚBLICA | COORDENADORIAS  | INSPETORIA REGIONAL DE LICENCIAMENTO E FISCALIZAÇÃO-IRLF | 14ª INSPETORIA REGIONAL DE LICENCIAMENTO E FISCALIZAÇÃO | AVISOS,201247,http://doweb.rio.rj.gov.br/do/navegadorhtml/mostrar.htm?id=6152&edi_id=1801
1801,6161,Categorias | AVISOS EDITAIS E TERMOS DE CONTRATOS | SECRETARIA MUNICIPAL DE ORDEM PÚBLICA | COORDENADORIAS  | INSPETORIA REGIONAL DE LICENCIAMENTO E FISCALIZAÇÃO-IRLF | 15ª INSPETORIA REGIONAL DE LICENCIAMENTO E FISCALIZAÇÃO | AVISOS,Ed de Not 11,http://doweb.rio.rj.gov.br/do/navegadorhtml/mostrar.htm?id=6161&edi_id=1801
1801,6169,Categorias | AVISOS EDITAIS E TERMOS DE CONTRATOS | SECRETARIA MUNICIPAL DE ORDEM PÚBLICA | COORDENADORIAS  | INSPETORIA REGIONAL DE LICENCIAMENTO E FISCALIZAÇÃO-IRLF | 19ª INSPETORIA REGIONAL DE LICENCIAMENTO E FISCALIZAÇÃO | AVISOS,edital de interdição nº 40  22 05 2012,http://doweb.rio.rj.gov.br/do/navegadorhtml/mostrar.htm?id=6169&edi_id=1801
1801,6167,Categorias | AVISOS EDITAIS E TERMOS DE CONTRATOS | SECRETARIA MUNICIPAL DE ORDEM PÚBLICA | COORDENADORIAS  | INSPETORIA REGIONAL DE LICENCIAMENTO E FISCALIZAÇÃO-IRLF | 19ª INSPETORIA REGIONAL DE LICENCIAMENTO E FISCALIZAÇÃO | AVISOS,edital de interdição nº 39  22 05 2012,http://doweb.rio.rj.gov.br/do/navegadorhtml/mostrar.htm?id=6167&edi_id=1801
1801,6166,Categorias | AVISOS EDITAIS E TERMOS DE CONTRATOS | SECRETARIA MUNICIPAL DE ORDEM PÚBLICA | COORDENADORIAS  | INSPETORIA REGIONAL DE LICENCIAMENTO E FISCALIZAÇÃO-IRLF | 19ª INSPETORIA REGIONAL DE LICENCIAMENTO E FISCALIZAÇÃO | AVISOS,edital de interdição nº 38  11 05 2012,http://doweb.rio.rj.gov.br/do/navegadorhtml/mostrar.htm?id=6166&edi_id=1801
1801,6165,Categorias | AVISOS EDITAIS E TERMOS DE CONTRATOS | SECRETARIA MUNICIPAL DE ORDEM PÚBLICA | COORDENADORIAS  | INSPETORIA REGIONAL DE LICENCIAMENTO E FISCALIZAÇÃO-IRLF | 19ª INSPETORIA REGIONAL DE LICENCIAMENTO E FISCALIZAÇÃO | AVISOS,edital de interdição nº 36  11 05 2012,http://doweb.rio.rj.gov.br/do/navegadorhtml/mostrar.htm?id=6165&edi_id=1801
1801,6164,Categorias | AVISOS EDITAIS E TERMOS DE CONTRATOS | SECRETARIA MUNICIPAL DE ORDEM PÚBLICA | COORDENADORIAS  | INSPETORIA REGIONAL DE LICENCIAMENTO E FISCALIZAÇÃO-IRLF | 19ª INSPETORIA REGIONAL DE LICENCIAMENTO E FISCALIZAÇÃO | AVISOS,edital de interdição nº 35  10 05 2012,http://doweb.rio.rj.gov.br/do/navegadorhtml/mostrar.htm?id=6164&edi_id=1801
1801,6162,Categorias | AVISOS EDITAIS E TERMOS DE CONTRATOS | SECRETARIA MUNICIPAL DE ORDEM PÚBLICA | COORDENADORIAS  | INSPETORIA REGIONAL DE LICENCIAMENTO E FISCALIZAÇÃO-IRLF | 19ª INSPETORIA REGIONAL DE LICENCIAMENTO E FISCALIZAÇÃO | AVISOS,edital de interdição nº 35  10 05 2012,http://doweb.rio.rj.gov.br/do/navegadorhtml/mostrar.htm?id=6162&edi_id=1801
1801,6170,Categorias | AVISOS EDITAIS E TERMOS DE CONTRATOS | SECRETARIA MUNICIPAL DE ORDEM PÚBLICA | COORDENADORIAS  | INSPETORIA REGIONAL DE LICENCIAMENTO E FISCALIZAÇÃO-IRLF | 19ª INSPETORIA REGIONAL DE LICENCIAMENTO E FISCALIZAÇÃO | AVISOS,edital de interdição nº 41  29 05 2012,http://doweb.rio.rj.gov.br/do/navegadorhtml/mostrar.htm?id=6170&edi_id=1801
1801,6326,Categorias | AVISOS EDITAIS E TERMOS DE CONTRATOS | SECRETARIA MUNICIPAL DE ORDEM PÚBLICA | COORDENADORIAS  | CONTROLE URBANO | DIVISÃO DE OPERAÇÕES | AVISOS,EDITAL DE NOTIFICAÇÃO Nº 25/2012,http://doweb.rio.rj.gov.br/do/navegadorhtml/mostrar.htm?id=6326&edi_id=1801
1801,6330,Categorias | AVISOS EDITAIS E TERMOS DE CONTRATOS | SECRETARIA MUNICIPAL DE ORDEM PÚBLICA | COORDENADORIAS  | CONTROLE URBANO | DIVISÃO DE FEIRAS | OUTROS,EDITAL DE NOTIFICAÇÃO Nº 11/2012,http://doweb.rio.rj.gov.br/do/navegadorhtml/mostrar.htm?id=6330&edi_id=1801
1801,6240,Categorias | AVISOS EDITAIS E TERMOS DE CONTRATOS | SECRETARIA MUNICIPAL DE ORDEM PÚBLICA | GUARDA MUNICIPAL DO RIO DE JANEIRO | AVISOS,convocação de gm p análisar amostras -  DVR pp 013-2012,http://doweb.rio.rj.gov.br/do/navegadorhtml/mostrar.htm?id=6240&edi_id=1801
1801,6239,Categorias | AVISOS EDITAIS E TERMOS DE CONTRATOS | SECRETARIA MUNICIPAL DE ORDEM PÚBLICA | GUARDA MUNICIPAL DO RIO DE JANEIRO | AVISOS,convocação de gm p análisar amostras -  TVS LED pp 012-2012,http://doweb.rio.rj.gov.br/do/navegadorhtml/mostrar.htm?id=6239&edi_id=1801
1801,6238,Categorias | AVISOS EDITAIS E TERMOS DE CONTRATOS | SECRETARIA MUNICIPAL DE ORDEM PÚBLICA | GUARDA MUNICIPAL DO RIO DE JANEIRO | AVISOS,convocação de gm p análisar amostras -  Nobreak pp 011-2012,http://doweb.rio.rj.gov.br/do/navegadorhtml/mostrar.htm?id=6238&edi_id=1801
1801,6269,Categorias | AVISOS EDITAIS E TERMOS DE CONTRATOS | SECRETARIA MUNICIPAL DE ORDEM PÚBLICA | GUARDA MUNICIPAL DO RIO DE JANEIRO | OUTROS,Ata de habilitação PP006-2012 -contratação de empresa para almoço e jantar,http://doweb.rio.rj.gov.br/do/navegadorhtml/mostrar.htm?id=6269&edi_id=1801
1801,6142,Categorias | AVISOS EDITAIS E TERMOS DE CONTRATOS | SECRETARIA MUNICIPAL DE FAZENDA | SUBSECRETARIAS | SUBSECRETARIA DE TRIBUTAÇÃO E FISCALIZAÇÃO | OUTROS,edital diretriz,http://doweb.rio.rj.gov.br/do/navegadorhtml/mostrar.htm?id=6142&edi_id=1801
1801,6144,Categorias | AVISOS EDITAIS E TERMOS DE CONTRATOS | SECRETARIA MUNICIPAL DE FAZENDA | SUBSECRETARIAS | SUBSECRETARIA DE TRIBUTAÇÃO E FISCALIZAÇÃO | OUTROS,termo de arb. samba,http://doweb.rio.rj.gov.br/do/navegadorhtml/mostrar.htm?id=6144&edi_id=1801
1801,6146,Categorias | AVISOS EDITAIS E TERMOS DE CONTRATOS | SECRETARIA MUNICIPAL DE FAZENDA | SUBSECRETARIAS | SUBSECRETARIA DE TRIBUTAÇÃO E FISCALIZAÇÃO | OUTROS,nl.maisonn,http://doweb.rio.rj.gov.br/do/navegadorhtml/mostrar.htm?id=6146&edi_id=1801
1801,6260,Categorias | AVISOS EDITAIS E TERMOS DE CONTRATOS | SECRETARIA MUNICIPAL DE FAZENDA | SUBSECRETARIAS | SUBSECRETARIA DE TRIBUTAÇÃO E FISCALIZAÇÃO | OUTROS,ciência 27062012,http://doweb.rio.rj.gov.br/do/navegadorhtml/mostrar.htm?id=6260&edi_id=1801
1801,6279,Categorias | AVISOS EDITAIS E TERMOS DE CONTRATOS | SECRETARIA MUNICIPAL DE FAZENDA | SUPERINTENDÊNCIAS | SUPERINTENDÊNCIA DO TESOURO MUNICIPAL  | EXTRATOS,EXTRATO DE TERMO ADITIVO,http://doweb.rio.rj.gov.br/do/navegadorhtml/mostrar.htm?id=6279&edi_id=1801
1801,6280,Categorias | AVISOS EDITAIS E TERMOS DE CONTRATOS | SECRETARIA MUNICIPAL DE FAZENDA | SUPERINTENDÊNCIAS | SUPERINTENDÊNCIA DO TESOURO MUNICIPAL  | EXTRATOS,Extrato de Termo Aditivo,http://doweb.rio.rj.gov.br/do/navegadorhtml/mostrar.htm?id=6280&edi_id=1801
1801,6212,Categorias | AVISOS EDITAIS E TERMOS DE CONTRATOS | SECRETARIA MUNICIPAL DE OBRAS | LICITAÇÕES,AVISO DE LICITAÇÃO TP-30/2012,http://doweb.rio.rj.gov.br/do/navegadorhtml/mostrar.htm?id=6212&edi_id=1801
1801,6214,Categorias | AVISOS EDITAIS E TERMOS DE CONTRATOS | SECRETARIA MUNICIPAL DE OBRAS | LICITAÇÕES,AVISO DE LICITAÇÃO TP-31/2012,http://doweb.rio.rj.gov.br/do/navegadorhtml/mostrar.htm?id=6214&edi_id=1801
1801,6268,Categorias | AVISOS EDITAIS E TERMOS DE CONTRATOS | SECRETARIA MUNICIPAL DE OBRAS | FUNDAÇÃO INSTITUTO DAS ÁGUAS DO MUNICÍPIO DO RIO DE JANEIRO | OUTROS,EDITAIS DE 27,http://doweb.rio.rj.gov.br/do/navegadorhtml/mostrar.htm?id=6268&edi_id=1801
1801,6220,Categorias | AVISOS EDITAIS E TERMOS DE CONTRATOS | SECRETARIA MUNICIPAL DE OBRAS | EMPRESA MUNICIPAL DE URBANIZAÇÃO | EXTRATOS,compromisso de estágio,http://doweb.rio.rj.gov.br/do/navegadorhtml/mostrar.htm?id=6220&edi_id=1801
1801,6429,Categorias | AVISOS EDITAIS E TERMOS DE CONTRATOS | SECRETARIA MUNICIPAL DE OBRAS | EMPRESA MUNICIPAL DE URBANIZAÇÃO | LICITAÇÕES,ADIAMENTO PREGÃO,http://doweb.rio.rj.gov.br/do/navegadorhtml/mostrar.htm?id=6429&edi_id=1801
1801,6445,Categorias | AVISOS EDITAIS E TERMOS DE CONTRATOS | SECRETARIA MUNICIPAL DE OBRAS | EMPRESA MUNICIPAL DE URBANIZAÇÃO | LICITAÇÕES,Adiamento ,http://doweb.rio.rj.gov.br/do/navegadorhtml/mostrar.htm?id=6445&edi_id=1801
1801,6472,Categorias | AVISOS EDITAIS E TERMOS DE CONTRATOS | SECRETARIA MUNICIPAL DE OBRAS | EMPRESA MUNICIPAL DE URBANIZAÇÃO | LICITAÇÕES,ERRATA da data da TP 038/2012,http://doweb.rio.rj.gov.br/do/navegadorhtml/mostrar.htm?id=6472&edi_id=1801
1801,6427,Categorias | AVISOS EDITAIS E TERMOS DE CONTRATOS | SECRETARIA MUNICIPAL DE OBRAS | EMPRESA MUNICIPAL DE URBANIZAÇÃO | OUTROS,convocação LM Engª,http://doweb.rio.rj.gov.br/do/navegadorhtml/mostrar.htm?id=6427&edi_id=1801
1801,6377,Categorias | AVISOS EDITAIS E TERMOS DE CONTRATOS | SECRETARIA MUNICIPAL DE OBRAS | EMPRESA MUNICIPAL DE URBANIZAÇÃO | OUTROS,advertênca Focus,http://doweb.rio.rj.gov.br/do/navegadorhtml/mostrar.htm?id=6377&edi_id=1801
1801,6365,Categorias | AVISOS EDITAIS E TERMOS DE CONTRATOS | SECRETARIA MUNICIPAL DE CONSERVAÇÃO E SERVIÇOS PÚBLICOS | AVISOS,Prefeitura faz mutirão de serviços em Padre Miguel,http://doweb.rio.rj.gov.br/do/navegadorhtml/mostrar.htm?id=6365&edi_id=1801
1801,6474,Categorias | AVISOS EDITAIS E TERMOS DE CONTRATOS | SECRETARIA MUNICIPAL DE CONSERVAÇÃO E SERVIÇOS PÚBLICOS | AVISOS,Prefeitura instala novas grelhas de fibras plásticas na cidade,http://doweb.rio.rj.gov.br/do/navegadorhtml/mostrar.htm?id=6474&edi_id=1801
1801,6423,Categorias | AVISOS EDITAIS E TERMOS DE CONTRATOS | SECRETARIA MUNICIPAL DE CONSERVAÇÃO E SERVIÇOS PÚBLICOS | AVISOS,Prefeitura entrega conjunto de rampas na Avenida Presidente Vargas,http://doweb.rio.rj.gov.br/do/navegadorhtml/mostrar.htm?id=6423&edi_id=1801
1801,6451,Categorias | AVISOS EDITAIS E TERMOS DE CONTRATOS | SECRETARIA MUNICIPAL DE CONSERVAÇÃO E SERVIÇOS PÚBLICOS | COMPANHIA MUNICIPAL DE LIMPEZA URBANA | LICITAÇÕES,PUB 415 06 2012,http://doweb.rio.rj.gov.br/do/navegadorhtml/mostrar.htm?id=6451&edi_id=1801
1801,6325,Categorias | AVISOS EDITAIS E TERMOS DE CONTRATOS | SECRETARIA MUNICIPAL DE EDUCAÇÃO | SUBSECRETARIAS | SUBSECRETARIA DE GESTÃO |  COORDENADORIA DE ADMINISTRAÇÃO  | AVISOS,AVISO DE RETIFICAÇÃO,http://doweb.rio.rj.gov.br/do/navegadorhtml/mostrar.htm?id=6325&edi_id=1801
1801,6434,Categorias | AVISOS EDITAIS E TERMOS DE CONTRATOS | SECRETARIA MUNICIPAL DE EDUCAÇÃO | SUBSECRETARIAS | SUBSECRETARIA DE GESTÃO |  COORDENADORIA DE ADMINISTRAÇÃO  | AVISOS,AVISO,http://doweb.rio.rj.gov.br/do/navegadorhtml/mostrar.htm?id=6434&edi_id=1801
1801,6428,Categorias | AVISOS EDITAIS E TERMOS DE CONTRATOS | SECRETARIA MUNICIPAL DE EDUCAÇÃO | SUBSECRETARIAS | SUBSECRETARIA DE GESTÃO |  COORDENADORIA DE ADMINISTRAÇÃO  | AVISOS,EDITAL CONVOCAÇÃO N° 77 de  27 -06-2012,http://doweb.rio.rj.gov.br/do/navegadorhtml/mostrar.htm?id=6428&edi_id=1801
1801,6298,Categorias | AVISOS EDITAIS E TERMOS DE CONTRATOS | SECRETARIA MUNICIPAL DE EDUCAÇÃO | SUBSECRETARIAS | SUBSECRETARIA DE GESTÃO |  COORDENADORIA DE RECURSOS HUMANOS  | OUTROS,EDITAL_513ING,http://doweb.rio.rj.gov.br/do/navegadorhtml/mostrar.htm?id=6298&edi_id=1801
1801,6301,Categorias | AVISOS EDITAIS E TERMOS DE CONTRATOS | SECRETARIA MUNICIPAL DE EDUCAÇÃO | SUBSECRETARIAS | SUBSECRETARIA DE GESTÃO |  COORDENADORIA DE RECURSOS HUMANOS  | OUTROS,EDITAL_514ING,http://doweb.rio.rj.gov.br/do/navegadorhtml/mostrar.htm?id=6301&edi_id=1801
1801,6327,Categorias | AVISOS EDITAIS E TERMOS DE CONTRATOS | SECRETARIA MUNICIPAL DE EDUCAÇÃO | SUBSECRETARIAS | SUBSECRETARIA DE GESTÃO |  COORDENADORIA DE RECURSOS HUMANOS  | OUTROS,EDITAL_523PSIC,http://doweb.rio.rj.gov.br/do/navegadorhtml/mostrar.htm?id=6327&edi_id=1801
1801,6304,Categorias | AVISOS EDITAIS E TERMOS DE CONTRATOS | SECRETARIA MUNICIPAL DE EDUCAÇÃO | SUBSECRETARIAS | SUBSECRETARIA DE GESTÃO |  COORDENADORIA DE RECURSOS HUMANOS  | OUTROS,EDITAL_524AC,http://doweb.rio.rj.gov.br/do/navegadorhtml/mostrar.htm?id=6304&edi_id=1801
1801,6308,Categorias | AVISOS EDITAIS E TERMOS DE CONTRATOS | SECRETARIA MUNICIPAL DE EDUCAÇÃO | SUBSECRETARIAS | SUBSECRETARIA DE GESTÃO |  COORDENADORIA DE RECURSOS HUMANOS  | OUTROS,EDITAL_525AP,http://doweb.rio.rj.gov.br/do/navegadorhtml/mostrar.htm?id=6308&edi_id=1801
1801,6311,Categorias | AVISOS EDITAIS E TERMOS DE CONTRATOS | SECRETARIA MUNICIPAL DE EDUCAÇÃO | SUBSECRETARIAS | SUBSECRETARIA DE GESTÃO |  COORDENADORIA DE RECURSOS HUMANOS  | OUTROS,EDITAL_526EM,http://doweb.rio.rj.gov.br/do/navegadorhtml/mostrar.htm?id=6311&edi_id=1801
1801,6315,Categorias | AVISOS EDITAIS E TERMOS DE CONTRATOS | SECRETARIA MUNICIPAL DE EDUCAÇÃO | SUBSECRETARIAS | SUBSECRETARIA DE GESTÃO |  COORDENADORIA DE RECURSOS HUMANOS  | OUTROS,EDITAL_528ING,http://doweb.rio.rj.gov.br/do/navegadorhtml/mostrar.htm?id=6315&edi_id=1801
1801,6317,Categorias | AVISOS EDITAIS E TERMOS DE CONTRATOS | SECRETARIA MUNICIPAL DE EDUCAÇÃO | SUBSECRETARIAS | SUBSECRETARIA DE GESTÃO |  COORDENADORIA DE RECURSOS HUMANOS  | OUTROS,EDITAL_529EF,http://doweb.rio.rj.gov.br/do/navegadorhtml/mostrar.htm?id=6317&edi_id=1801
1801,6277,Categorias | AVISOS EDITAIS E TERMOS DE CONTRATOS | SECRETARIA MUNICIPAL DE EDUCAÇÃO | SUBSECRETARIAS | SUBSECRETARIA DE GESTÃO |  COORDENADORIA DE RECURSOS HUMANOS  | OUTROS,Edital E/SUBG/CRH/GAT nº 03,http://doweb.rio.rj.gov.br/do/navegadorhtml/mostrar.htm?id=6277&edi_id=1801
1801,6310,Categorias | AVISOS EDITAIS E TERMOS DE CONTRATOS | SECRETARIA MUNICIPAL DE EDUCAÇÃO | SUBSECRETARIAS | SUBSECRETARIA DE ENSINO |  3A. COORDENADORIA REGIONAL DE EDUCAÇÃO  | EXTRATOS,Estágio (Extrato Contratual),http://doweb.rio.rj.gov.br/do/navegadorhtml/mostrar.htm?id=6310&edi_id=1801
1801,6459,Categorias | AVISOS EDITAIS E TERMOS DE CONTRATOS | SECRETARIA MUNICIPAL DE EDUCAÇÃO | SUBSECRETARIAS | SUBSECRETARIA DE ENSINO | 8A. COORDENADORIA REGIONAL DE EDUCAÇÃO  | AVISOS,Edital de Convocação,http://doweb.rio.rj.gov.br/do/navegadorhtml/mostrar.htm?id=6459&edi_id=1801
1801,6216,Categorias | AVISOS EDITAIS E TERMOS DE CONTRATOS | SECRETARIA MUNICIPAL DE EDUCAÇÃO | SUBSECRETARIAS | SUBSECRETARIA DE ENSINO | 9A. COORDENADORIA REGIONAL DE EDUCAÇÃO  | AVISOS,ED 07i 27.6.2012,http://doweb.rio.rj.gov.br/do/navegadorhtml/mostrar.htm?id=6216&edi_id=1801
1801,6299,Categorias | AVISOS EDITAIS E TERMOS DE CONTRATOS | SECRETARIA MUNICIPAL DE EDUCAÇÃO | SUBSECRETARIAS | SUBSECRETARIA DE ENSINO |  10A. COORDENADORIA REGIONAL DE EDUCAÇÃO  | OUTROS,Edital,http://doweb.rio.rj.gov.br/do/navegadorhtml/mostrar.htm?id=6299&edi_id=1801
1801,6286,Categorias | AVISOS EDITAIS E TERMOS DE CONTRATOS | SECRETARIA MUNICIPAL DE EDUCAÇÃO | EMPRESA MUNICIPAL DE MULTIMEIOS | LICITAÇÕES,AVISO DE LICITAÇÃO - COMPRASNET.PP 0262-2012.MANUTENÇÃO PREDIAL,http://doweb.rio.rj.gov.br/do/navegadorhtml/mostrar.htm?id=6286&edi_id=1801
1801,6444,Categorias | AVISOS EDITAIS E TERMOS DE CONTRATOS | SECRETARIA MUNICIPAL DE ADMINISTRAÇÃO | AVISOS,RESULTADO_DEF_SEC_ESCOLAR,http://doweb.rio.rj.gov.br/do/navegadorhtml/mostrar.htm?id=6444&edi_id=1801
1801,6484,Categorias | AVISOS EDITAIS E TERMOS DE CONTRATOS | SECRETARIA MUNICIPAL DE ADMINISTRAÇÃO | AVISOS,EDITAL SMA N 130,http://doweb.rio.rj.gov.br/do/navegadorhtml/mostrar.htm?id=6484&edi_id=1801
1801,6321,Categorias | AVISOS EDITAIS E TERMOS DE CONTRATOS | SECRETARIA MUNICIPAL DE ADMINISTRAÇÃO | AVISOS,Eleição Previ-Rio,http://doweb.rio.rj.gov.br/do/navegadorhtml/mostrar.htm?id=6321&edi_id=1801
1801,6431,Categorias | AVISOS EDITAIS E TERMOS DE CONTRATOS | SECRETARIA MUNICIPAL DE ADMINISTRAÇÃO | OUTROS,ATAS 13 E 14 COMISSÃO ESPECIAL ELEITORAL,http://doweb.rio.rj.gov.br/do/navegadorhtml/mostrar.htm?id=6431&edi_id=1801
1801,6313,Categorias | AVISOS EDITAIS E TERMOS DE CONTRATOS | SECRETARIA MUNICIPAL DE ADMINISTRAÇÃO | SUPERINTENDÊNCIAS | OUTROS,Edital de Chamada,http://doweb.rio.rj.gov.br/do/navegadorhtml/mostrar.htm?id=6313&edi_id=1801
1801,6227,Categorias | AVISOS EDITAIS E TERMOS DE CONTRATOS | SECRETARIA MUNICIPAL DE ADMINISTRAÇÃO | SUPERINTENDÊNCIAS | OUTROS,Edital de Citação,http://doweb.rio.rj.gov.br/do/navegadorhtml/mostrar.htm?id=6227&edi_id=1801
1801,6438,Categorias | AVISOS EDITAIS E TERMOS DE CONTRATOS | SECRETARIA MUNICIPAL DE DESENVOLVIMENTO SOCIAL | SUBSECRETARIAS | SUBSECRETARIA DE GESTÃO | AVISOS,AVISO DE ADIAMENTO DE PROCESSO SELETIVO,http://doweb.rio.rj.gov.br/do/navegadorhtml/mostrar.htm?id=6438&edi_id=1801
1801,6320,Categorias | AVISOS EDITAIS E TERMOS DE CONTRATOS | SECRETARIA MUNICIPAL DE DESENVOLVIMENTO SOCIAL | SUBSECRETARIAS | SUBSECRETARIA DE GESTÃO | EXTRATOS,Extrato de Convênio,http://doweb.rio.rj.gov.br/do/navegadorhtml/mostrar.htm?id=6320&edi_id=1801
1801,6372,Categorias | AVISOS EDITAIS E TERMOS DE CONTRATOS | SECRETARIA MUNICIPAL DE DESENVOLVIMENTO SOCIAL | SUBSECRETARIAS | SUBSECRETARIA DE GESTÃO | EXTRATOS,Extrato de Termo Aditivo,http://doweb.rio.rj.gov.br/do/navegadorhtml/mostrar.htm?id=6372&edi_id=1801
1801,6349,Categorias | AVISOS EDITAIS E TERMOS DE CONTRATOS | SECRETARIA MUNICIPAL DE SAÚDE | AVISOS,SAÚDE INAUGURA CENTRO DE EXCELÊNCIA  PARA ATENDIMENTO À MULHER NA ZONA OESTE,http://doweb.rio.rj.gov.br/do/navegadorhtml/mostrar.htm?id=6349&edi_id=1801
1801,6403,Categorias | AVISOS EDITAIS E TERMOS DE CONTRATOS | SECRETARIA MUNICIPAL DE SAÚDE | SUBSECRETARIAS | SUBSECRETARIA DE GESTÃO | AVISOS,AVISO,http://doweb.rio.rj.gov.br/do/navegadorhtml/mostrar.htm?id=6403&edi_id=1801
1801,6207,Categorias | AVISOS EDITAIS E TERMOS DE CONTRATOS | SECRETARIA MUNICIPAL DE SAÚDE | SUBSECRETARIAS | SUBSECRETARIA DE GESTÃO | COORDENADORIAS  | COORDENADORIA DE LICITAÇÕES E AQUISIÇÕES | LICITAÇÕES,extrato,http://doweb.rio.rj.gov.br/do/navegadorhtml/mostrar.htm?id=6207&edi_id=1801
1801,6273,Categorias | AVISOS EDITAIS E TERMOS DE CONTRATOS | SECRETARIA MUNICIPAL DE SAÚDE | SUBSECRETARIAS | SUBSECRETARIA DE GESTÃO ESTRATÉGICA E INTEGRAÇÃO DA REDE DE SAÚDE | SUPERINTENDÊNCIA DE REGULAÇÃ | AVISOS,EDITAL EXTRA TETO MARÇO 2012,http://doweb.rio.rj.gov.br/do/navegadorhtml/mostrar.htm?id=6273&edi_id=1801
1801,6272,Categorias | AVISOS EDITAIS E TERMOS DE CONTRATOS | SECRETARIA MUNICIPAL DE SAÚDE | SUBSECRETARIAS | SUBSECRETARIA DE GESTÃO ESTRATÉGICA E INTEGRAÇÃO DA REDE DE SAÚDE | SUPERINTENDÊNCIA DE REGULAÇÃ | AVISOS,EDITAL EXTA TETO FEV 2012,http://doweb.rio.rj.gov.br/do/navegadorhtml/mostrar.htm?id=6272&edi_id=1801
1801,6194,Categorias | AVISOS EDITAIS E TERMOS DE CONTRATOS | SECRETARIA MUNICIPAL DE SAÚDE | SUBSECRETARIAS | SUBSECRETARIA DE PROMOÇÃ | SUPERINTENDENCIA DE INTEGRAÇÃO DE ÁREAS DE PLANEJAMENTO | COORDENADORIA DE ATENÇÃO PRIMÁRIA DA AP3.1 | AVISOS,Publicação de Empenho,http://doweb.rio.rj.gov.br/do/navegadorhtml/mostrar.htm?id=6194&edi_id=1801
1801,6141,Categorias | AVISOS EDITAIS E TERMOS DE CONTRATOS | SECRETARIA MUNICIPAL DE SAÚDE | SUBSECRETARIAS | SUBSECRETARIA DE PROMOÇÃ | SUPERINTENDENCIA DE INTEGRAÇÃO DE ÁREAS DE PLANEJAMENTO | COORDENADORIA DE ATENÇÃO PRIMÁRIA DA AP3.3 | AVISOS,CONVOCAÇÃO CREMER,http://doweb.rio.rj.gov.br/do/navegadorhtml/mostrar.htm?id=6141&edi_id=1801
1801,6140,Categorias | AVISOS EDITAIS E TERMOS DE CONTRATOS | SECRETARIA MUNICIPAL DE SAÚDE | SUBSECRETARIAS | SUBSECRETARIA DE PROMOÇÃ | SUPERINTENDENCIA DE INTEGRAÇÃO DE ÁREAS DE PLANEJAMENTO | COORDENADORIA DE ATENÇÃO PRIMÁRIA DA AP3.3 | AVISOS,CONVOCAÇÃO HEMOTERAPIA,http://doweb.rio.rj.gov.br/do/navegadorhtml/mostrar.htm?id=6140&edi_id=1801
1801,6228,Categorias | AVISOS EDITAIS E TERMOS DE CONTRATOS | SECRETARIA MUNICIPAL DE SAÚDE | SUBSECRETARIAS | SUBSECRETARIA DE ATENÇÃO HOSPITALA | SUPERINTENDÊNCIA DE HOSPITAIS GERAIS E ESPECIALIZADOS  |  HOSPITAL MUNICIPAL ÁLVARO RAMOS  | EXTRATOS,EXTRATO CONTRATUAL CBS,http://doweb.rio.rj.gov.br/do/navegadorhtml/mostrar.htm?id=6228&edi_id=1801
1801,6209,Categorias | AVISOS EDITAIS E TERMOS DE CONTRATOS | SECRETARIA MUNICIPAL DE SAÚDE | SUBSECRETARIAS | SUBSECRETARIA DE VIGILÂNCI | SUPERINTENDÊNCIA DE VIGILÂNCIA E FISCALIZAÇÃO SANITÁRIA EM ARQUITETURA E ENGENHARIA | AVISOS,EDITAL DE NOTIFICAÇÃO Nº13/12,http://doweb.rio.rj.gov.br/do/navegadorhtml/mostrar.htm?id=6209&edi_id=1801
1801,5899,Categorias | AVISOS EDITAIS E TERMOS DE CONTRATOS | SECRETARIA MUNICIPAL DE CULTURA | SUBSECRETARIAS | SUBSECRETARIA DE GESTÃO | AVISOS,AVISOS,http://doweb.rio.rj.gov.br/do/navegadorhtml/mostrar.htm?id=5899&edi_id=1801
1801,6397,Categorias | AVISOS EDITAIS E TERMOS DE CONTRATOS | SECRETARIA MUNICIPAL DE CULTURA | FUNDAÇÃO PLANETÁRIO DA CIDADE DO RIO DE JANEIRO | AVISOS,Planetário da Gávea recebe palestra sobre estudo astronômico internacional,http://doweb.rio.rj.gov.br/do/navegadorhtml/mostrar.htm?id=6397&edi_id=1801
1801,6433,Categorias | AVISOS EDITAIS E TERMOS DE CONTRATOS | SECRETARIA MUNICIPAL DE URBANISMO | OUTROS,27062012ATAPREGÃO,http://doweb.rio.rj.gov.br/do/navegadorhtml/mostrar.htm?id=6433&edi_id=1801
1801,6452,Categorias | AVISOS EDITAIS E TERMOS DE CONTRATOS | SECRETARIA MUNICIPAL DE URBANISMO | OUTROS,27062012TERMO,http://doweb.rio.rj.gov.br/do/navegadorhtml/mostrar.htm?id=6452&edi_id=1801
1801,6261,Categorias | AVISOS EDITAIS E TERMOS DE CONTRATOS | SECRETARIA MUNICIPAL DE TRANSPORTES | AVISOS,comunicado 27062012,http://doweb.rio.rj.gov.br/do/navegadorhtml/mostrar.htm?id=6261&edi_id=1801
1801,6375,Categorias | AVISOS EDITAIS E TERMOS DE CONTRATOS | SECRETARIA MUNICIPAL DE MEIO AMBIENTE | AVISOS,ADVERTÊNCIA,http://doweb.rio.rj.gov.br/do/navegadorhtml/mostrar.htm?id=6375&edi_id=1801
1801,6328,Categorias | AVISOS EDITAIS E TERMOS DE CONTRATOS | SECRETARIA MUNICIPAL DE MEIO AMBIENTE | EXTRATOS,Extrato,http://doweb.rio.rj.gov.br/do/navegadorhtml/mostrar.htm?id=6328&edi_id=1801
1801,6217,Categorias | AVISOS EDITAIS E TERMOS DE CONTRATOS | SECRETARIA MUNICIPAL DE MEIO AMBIENTE | FUNDAÇÃO JARDIM ZOOLÓGICO DA CIDADE DO RIO DE JANEIRO | AVISOS,COMUNICADO,http://doweb.rio.rj.gov.br/do/navegadorhtml/mostrar.htm?id=6217&edi_id=1801
1801,6453,Categorias | AVISOS EDITAIS E TERMOS DE CONTRATOS | SECRETARIA MUNICIPAL DO TRABALHO E EMPREGO | OUTROS,Errata do Edital - cp-001/2012,http://doweb.rio.rj.gov.br/do/navegadorhtml/mostrar.htm?id=6453&edi_id=1801
1801,6464,Categorias | AVISOS EDITAIS E TERMOS DE CONTRATOS | SECRETARIA ESPECIAL DE TURISMO | EMPRESA DE TURISMO DO MUNICÍPIO DO RIO DE JANEIRO | EXTRATOS,MARIAN OLIVEIRA RANGEL DOS SANTOS - Seses,http://doweb.rio.rj.gov.br/do/navegadorhtml/mostrar.htm?id=6464&edi_id=1801
1801,6408,Categorias | AVISOS EDITAIS E TERMOS DE CONTRATOS | SECRETARIA ESPECIAL DE TURISMO | EMPRESA DE TURISMO DO MUNICÍPIO DO RIO DE JANEIRO | LICITAÇÕES,Decisão CO 0012010 Transporte Turístico,http://doweb.rio.rj.gov.br/do/navegadorhtml/mostrar.htm?id=6408&edi_id=1801
1801,6336,Categorias | AVISOS EDITAIS E TERMOS DE CONTRATOS | SECRETARIA ESPECIAL DE PROMOÇÃO E DEFESA DOS ANIMAIS | SUBSECRETARIAS | SUBSECRETARIA DE PROTEÇÃO AOS ANIMAIS | AVISOS,COMUNICADO: CAMPANHA DE ADOÇÃO EM VICENTE DE CARVALHO,http://doweb.rio.rj.gov.br/do/navegadorhtml/mostrar.htm?id=6336&edi_id=1801
1801,6376,Categorias | AVISOS EDITAIS E TERMOS DE CONTRATOS | CONTROLADORIA GERAL DO MUNICÍPIO DO RIO DE JANEIRO | OUTROS,TABELA DE GÊNEROS ALIMENTÍCIOS,http://doweb.rio.rj.gov.br/do/navegadorhtml/mostrar.htm?id=6376&edi_id=1801
1801,6284,Categorias | AVISOS EDITAIS E TERMOS DE CONTRATOS | PROCURADORIA GERAL DO MUNICÍPIO DO RIO DE JANEIRO | COORDENADORIA ADMINISTRATIVA  | AVISOS,Aviso - PP 07/12,http://doweb.rio.rj.gov.br/do/navegadorhtml/mostrar.htm?id=6284&edi_id=1801
1801,6476,Categorias | AVISOS EDITAIS E TERMOS DE CONTRATOS | PUBLICAÇÕES A PEDIDO,Publicações a pedidos,http://doweb.rio.rj.gov.br/do/navegadorhtml/mostrar.htm?id=6476&edi_id=1801
